audio_id,class_label,split,quality,duration
AUD-000001,Machinery Fault,train,Good,10.0
AUD-000002,Machinery Fault,train,Good,10.0
AUD-000003,Machinery Fault,train,Acceptable,10.0
AUD-000004,Machinery Fault,val,Good,10.0
AUD-000005,Machinery Fault,train,Good,10.0
AUD-000006,Machinery Fault,val,Good,10.0
AUD-000007,Machinery Fault,train,Good,10.0
AUD-000008,Machinery Fault,val,Good,10.0
AUD-000009,Machinery Fault,train,Good,10.0
AUD-000010,Machinery Fault,train,Good,10.0
AUD-000011,Machinery Fault,train,Good,10.0
AUD-000012,Machinery Fault,test,Good,10.0
AUD-000013,Machinery Fault,train,Good,10.0
AUD-000014,Machinery Fault,test,Good,10.0
AUD-000015,Machinery Fault,train,Good,10.0
AUD-000016,Machinery Fault,train,Good,10.0
AUD-000017,Machinery Fault,train,Good,10.0
AUD-000018,Machinery Fault,val,Good,10.0
AUD-000019,Machinery Fault,train,Good,10.0
AUD-000020,Machinery Fault,train,Good,10.0
AUD-000021,Machinery Fault,train,Good,10.0
AUD-000022,Machinery Fault,test,Good,10.0
AUD-000023,Machinery Fault,train,Good,10.0
AUD-000024,Machinery Fault,train,Good,10.0
AUD-000025,Machinery Fault,train,Good,10.0
AUD-000026,Machinery Fault,val,Good,10.0
AUD-000027,Machinery Fault,train,Acceptable,10.0
AUD-000028,Machinery Fault,train,Acceptable,10.0
AUD-000029,Machinery Fault,train,Acceptable,10.0
AUD-000030,Machinery Fault,val,Acceptable,10.0
AUD-000031,Machinery Fault,test,Acceptable,10.0
AUD-000032,Machinery Fault,train,Acceptable,10.0
AUD-000033,Machinery Fault,train,Acceptable,10.0
AUD-000034,Machinery Fault,test,Acceptable,10.0
AUD-000035,Machinery Fault,train,Acceptable,10.0
AUD-000036,Machinery Fault,train,Acceptable,10.0
AUD-000037,Machinery Fault,train,Acceptable,10.0
AUD-000038,Machinery Fault,val,Acceptable,10.0
AUD-000039,Machinery Fault,train,Acceptable,10.0
AUD-000040,Machinery Fault,train,Acceptable,10.0
AUD-000041,Machinery Fault,val,Acceptable,10.0
AUD-000042,Machinery Fault,train,Acceptable,10.0
AUD-000043,Machinery Fault,train,Acceptable,10.0
AUD-000044,Machinery Fault,test,Acceptable,10.0
AUD-000045,Machinery Fault,train,Acceptable,10.0
AUD-000046,Machinery Fault,train,Acceptable,10.0
AUD-000047,Machinery Fault,train,Acceptable,10.0
AUD-000048,Machinery Fault,train,Acceptable,10.0
AUD-000049,Machinery Fault,val,Acceptable,10.0
AUD-000050,Machinery Fault,test,Acceptable,10.0
AUD-000051,Machinery Fault,train,Acceptable,10.0
AUD-000052,Machinery Fault,train,Acceptable,10.0
AUD-000053,Machinery Fault,val,Acceptable,10.0
AUD-000054,Machinery Fault,train,Acceptable,10.0
AUD-000055,Machinery Fault,train,Acceptable,10.0
AUD-000056,Machinery Fault,train,Acceptable,10.0
AUD-000057,Machinery Fault,val,Good,10.0
AUD-000058,Machinery Fault,train,Acceptable,10.0
AUD-000059,Machinery Fault,val,Acceptable,10.0
AUD-000060,Machinery Fault,train,Acceptable,10.0
AUD-000061,Machinery Fault,train,Acceptable,10.0
AUD-000062,Machinery Fault,train,Acceptable,10.0
AUD-000063,Machinery Fault,train,Acceptable,10.0
AUD-000064,Machinery Fault,train,Acceptable,10.0
AUD-000065,Machinery Fault,train,Acceptable,10.0
AUD-000066,Machinery Fault,train,Acceptable,10.0
AUD-000067,Machinery Fault,train,Acceptable,10.0
AUD-000068,Machinery Fault,train,Acceptable,10.0
AUD-000069,Machinery Fault,test,Acceptable,10.0
AUD-000070,Machinery Fault,train,Acceptable,10.0
AUD-000071,Machinery Fault,train,Acceptable,10.0
AUD-000072,Machinery Fault,train,Acceptable,10.0
AUD-000073,Machinery Fault,train,Acceptable,10.0
AUD-000074,Machinery Fault,train,Acceptable,10.0
AUD-000075,Machinery Fault,test,Acceptable,10.0
AUD-000076,Machinery Fault,test,Acceptable,10.0
AUD-000077,Machinery Fault,train,Acceptable,10.0
AUD-000078,Machinery Fault,val,Acceptable,10.0
AUD-000079,Machinery Fault,val,Good,10.0
AUD-000080,Machinery Fault,train,Good,10.0
AUD-000081,Machinery Fault,test,Good,10.0
AUD-000082,Machinery Fault,test,Good,10.0
AUD-000083,Machinery Fault,train,Good,10.0
AUD-000084,Machinery Fault,train,Good,10.0
AUD-000085,Machinery Fault,train,Good,10.0
AUD-000086,Machinery Fault,test,Good,10.0
AUD-000087,Machinery Fault,test,Good,10.0
AUD-000088,Machinery Fault,test,Good,10.0
AUD-000089,Machinery Fault,train,Good,10.0
AUD-000090,Machinery Fault,train,Good,10.0
AUD-000091,Machinery Fault,train,Good,10.0
AUD-000092,Machinery Fault,train,Good,10.0
AUD-000093,Machinery Fault,val,Acceptable,10.0
AUD-000094,Machinery Fault,train,Acceptable,10.0
AUD-000095,Machinery Fault,val,Acceptable,10.0
AUD-000096,Machinery Fault,val,Acceptable,10.0
AUD-000097,Machinery Fault,train,Acceptable,10.0
AUD-000098,Machinery Fault,test,Acceptable,10.0
AUD-000099,Machinery Fault,train,Acceptable,10.0
AUD-000100,Machinery Fault,train,Acceptable,10.0
AUD-000101,Machinery Fault,train,Acceptable,10.0
AUD-000102,Machinery Fault,train,Acceptable,10.0
AUD-000103,Machinery Fault,train,Acceptable,10.0
AUD-000104,Machinery Fault,train,Acceptable,10.0
AUD-000105,Machinery Fault,test,Acceptable,10.0
AUD-000106,Machinery Fault,train,Acceptable,10.0
AUD-000107,Machinery Fault,train,Acceptable,10.0
AUD-000108,Machinery Fault,train,Acceptable,10.0
AUD-000109,Machinery Fault,train,Acceptable,10.0
AUD-000110,Machinery Fault,test,Acceptable,10.0
AUD-000111,Machinery Fault,train,Acceptable,10.0
AUD-000112,Machinery Fault,train,Acceptable,10.0
AUD-000113,Machinery Fault,train,Acceptable,10.0
AUD-000114,Machinery Fault,val,Acceptable,10.0
AUD-000115,Machinery Fault,train,Acceptable,10.0
AUD-000116,Machinery Fault,train,Acceptable,10.0
AUD-000117,Machinery Fault,train,Acceptable,10.0
AUD-000118,Machinery Fault,train,Acceptable,10.0
AUD-000119,Machinery Fault,val,Acceptable,10.0
AUD-000120,Machinery Fault,val,Acceptable,10.0
AUD-000121,Machinery Fault,train,Acceptable,10.0
AUD-000122,Machinery Fault,train,Acceptable,10.0
AUD-000123,Machinery Fault,train,Acceptable,10.0
AUD-000124,Machinery Fault,train,Acceptable,10.0
AUD-000125,Machinery Fault,train,Acceptable,10.0
AUD-000126,Machinery Fault,train,Acceptable,10.0
AUD-000127,Machinery Fault,train,Acceptable,10.0
AUD-000128,Machinery Fault,test,Acceptable,10.0
AUD-000129,Machinery Fault,test,Acceptable,10.0
AUD-000130,Machinery Fault,train,Acceptable,10.0
AUD-000131,Machinery Fault,train,Acceptable,10.0
AUD-000132,Machinery Fault,train,Acceptable,10.0
AUD-000133,Machinery Fault,train,Acceptable,10.0
AUD-000134,Machinery Fault,val,Acceptable,10.0
AUD-000135,Machinery Fault,train,Acceptable,10.0
AUD-000136,Machinery Fault,train,Acceptable,10.0
AUD-000137,Machinery Fault,train,Acceptable,10.0
AUD-000138,Machinery Fault,train,Acceptable,10.0
AUD-000139,Glass Breaking,train,Acceptable,5.0
AUD-000140,Glass Breaking,train,Acceptable,5.0
AUD-000141,Glass Breaking,train,Acceptable,5.0
AUD-000142,Glass Breaking,test,Acceptable,5.0
AUD-000143,Glass Breaking,train,Acceptable,5.0
AUD-000144,Glass Breaking,test,Acceptable,5.0
AUD-000145,Glass Breaking,test,Acceptable,5.0
AUD-000146,Glass Breaking,train,Acceptable,5.0
AUD-000147,Glass Breaking,val,Acceptable,5.0
AUD-000148,Glass Breaking,train,Good,5.0
AUD-000149,Glass Breaking,train,Good,5.0
AUD-000150,Glass Breaking,train,Acceptable,5.0
AUD-000151,Glass Breaking,train,Good,5.0
AUD-000152,Glass Breaking,train,Acceptable,5.0
AUD-000153,Glass Breaking,val,Good,5.0
AUD-000154,Glass Breaking,train,Acceptable,5.0
AUD-000155,Glass Breaking,train,Acceptable,5.0
AUD-000156,Glass Breaking,test,Acceptable,5.0
AUD-000157,Glass Breaking,train,Acceptable,5.0
AUD-000158,Glass Breaking,test,Acceptable,5.0
AUD-000159,Glass Breaking,val,Acceptable,5.0
AUD-000160,Glass Breaking,train,Acceptable,5.0
AUD-000161,Glass Breaking,train,Acceptable,5.0
AUD-000162,Glass Breaking,train,Acceptable,5.0
AUD-000163,Glass Breaking,train,Acceptable,5.0
AUD-000164,Glass Breaking,train,Acceptable,5.0
AUD-000165,Glass Breaking,test,Acceptable,5.0
AUD-000166,Glass Breaking,train,Acceptable,5.0
AUD-000167,Glass Breaking,train,Poor,5.0
AUD-000168,Glass Breaking,train,Poor,5.0
AUD-000169,Glass Breaking,train,Poor,5.0
AUD-000170,Glass Breaking,train,Acceptable,5.0
AUD-000171,Glass Breaking,val,Acceptable,5.0
AUD-000172,Glass Breaking,train,Acceptable,5.0
AUD-000173,Glass Breaking,train,Acceptable,5.0
AUD-000174,Glass Breaking,val,Acceptable,5.0
AUD-000175,Glass Breaking,val,Poor,5.0
AUD-000176,Glass Breaking,train,Acceptable,5.0
AUD-000177,Glass Breaking,train,Acceptable,5.0
AUD-000178,Glass Breaking,train,Acceptable,5.0
AUD-000179,Alarm or Siren,val,Good,5.0
AUD-000180,Alarm or Siren,train,Good,5.0
AUD-000181,Alarm or Siren,train,Acceptable,5.0
AUD-000182,Alarm or Siren,val,Good,5.0
AUD-000183,Alarm or Siren,val,Good,5.0
AUD-000184,Alarm or Siren,val,Good,5.0
AUD-000185,Alarm or Siren,train,Good,5.0
AUD-000186,Alarm or Siren,train,Acceptable,5.0
AUD-000187,Alarm or Siren,train,Poor,5.0
AUD-000188,Alarm or Siren,train,Good,5.0
AUD-000189,Alarm or Siren,train,Good,5.0
AUD-000190,Alarm or Siren,train,Good,5.0
AUD-000191,Alarm or Siren,test,Good,5.0
AUD-000192,Alarm or Siren,train,Good,5.0
AUD-000193,Alarm or Siren,train,Good,5.0
AUD-000194,Alarm or Siren,train,Acceptable,5.0
AUD-000195,Alarm or Siren,val,Acceptable,5.0
AUD-000196,Alarm or Siren,test,Good,5.0
AUD-000197,Alarm or Siren,train,Good,5.0
AUD-000198,Alarm or Siren,val,Good,5.0
AUD-000199,Alarm or Siren,train,Good,5.0
AUD-000200,Alarm or Siren,train,Acceptable,5.0
AUD-000201,Alarm or Siren,train,Acceptable,5.0
AUD-000202,Alarm or Siren,train,Acceptable,5.0
AUD-000203,Alarm or Siren,train,Good,5.0
AUD-000204,Alarm or Siren,test,Acceptable,5.0
AUD-000205,Alarm or Siren,val,Good,5.0
AUD-000206,Alarm or Siren,train,Good,5.0
AUD-000207,Alarm or Siren,train,Acceptable,5.0
AUD-000208,Alarm or Siren,train,Acceptable,5.0
AUD-000209,Alarm or Siren,train,Acceptable,5.0
AUD-000210,Alarm or Siren,train,Good,5.0
AUD-000211,Alarm or Siren,train,Acceptable,5.0
AUD-000212,Alarm or Siren,train,Good,5.0
AUD-000213,Alarm or Siren,val,Good,5.0
AUD-000214,Alarm or Siren,val,Good,5.0
AUD-000215,Alarm or Siren,val,Poor,5.0
AUD-000216,Alarm or Siren,train,Good,5.0
AUD-000217,Alarm or Siren,val,Good,5.0
AUD-000218,Alarm or Siren,train,Good,5.0
AUD-000219,Alarm or Siren,train,Good,5.0
AUD-000220,Alarm or Siren,train,Good,5.0
AUD-000221,Alarm or Siren,train,Acceptable,5.0
AUD-000222,Alarm or Siren,train,Good,5.0
AUD-000223,Alarm or Siren,train,Poor,5.0
AUD-000224,Alarm or Siren,test,Good,5.0
AUD-000225,Alarm or Siren,test,Good,5.0
AUD-000226,Alarm or Siren,train,Acceptable,5.0
AUD-000227,Alarm or Siren,test,Good,5.0
AUD-000228,Alarm or Siren,train,Good,5.0
AUD-000229,Alarm or Siren,test,Good,5.0
AUD-000230,Alarm or Siren,train,Good,5.0
AUD-000231,Alarm or Siren,test,Poor,5.0
AUD-000232,Alarm or Siren,val,Good,5.0
AUD-000233,Alarm or Siren,train,Good,5.0
AUD-000234,Alarm or Siren,train,Good,5.0
AUD-000235,Alarm or Siren,train,Good,5.0
AUD-000236,Alarm or Siren,val,Good,5.0
AUD-000237,Alarm or Siren,train,Good,5.0
AUD-000238,Alarm or Siren,val,Acceptable,5.0
AUD-000239,Alarm or Siren,train,Acceptable,5.0
AUD-000240,Alarm or Siren,train,Poor,5.0
AUD-000241,Alarm or Siren,val,Good,5.0
AUD-000242,Alarm or Siren,train,Good,5.0
AUD-000243,Alarm or Siren,train,Good,5.0
AUD-000244,Alarm or Siren,train,Good,5.0
AUD-000245,Alarm or Siren,train,Good,5.0
AUD-000246,Alarm or Siren,train,Good,5.0
AUD-000247,Alarm or Siren,train,Good,5.0
AUD-000248,Alarm or Siren,train,Good,5.0
AUD-000249,Alarm or Siren,train,Good,5.0
AUD-000250,Alarm or Siren,train,Good,5.0
AUD-000251,Alarm or Siren,train,Good,5.0
AUD-000252,Alarm or Siren,train,Good,5.0
AUD-000253,Alarm or Siren,train,Good,5.0
AUD-000254,Alarm or Siren,train,Good,5.0
AUD-000255,Alarm or Siren,train,Poor,5.0
AUD-000256,Alarm or Siren,train,Poor,5.0
AUD-000257,Alarm or Siren,train,Good,5.0
AUD-000258,Alarm or Siren,train,Poor,5.0
AUD-000259,Alarm or Siren,train,Good,4.0
AUD-000260,Alarm or Siren,train,Good,4.0
AUD-000261,Alarm or Siren,train,Good,4.0
AUD-000262,Alarm or Siren,train,Good,4.0
AUD-000263,Alarm or Siren,train,Good,4.0
AUD-000264,Alarm or Siren,train,Good,4.0
AUD-000265,Alarm or Siren,train,Good,4.0
AUD-000266,Alarm or Siren,train,Good,4.0
AUD-000267,Alarm or Siren,train,Good,4.0
AUD-000268,Alarm or Siren,train,Good,4.0
AUD-000269,Alarm or Siren,train,Good,4.0
AUD-000270,Alarm or Siren,test,Acceptable,4.0
AUD-000271,Alarm or Siren,train,Acceptable,4.0
AUD-000272,Alarm or Siren,train,Good,4.0
AUD-000273,Alarm or Siren,val,Good,4.0
AUD-000274,Alarm or Siren,train,Good,4.0
AUD-000275,Alarm or Siren,test,Good,4.0
AUD-000276,Alarm or Siren,train,Good,4.0
AUD-000277,Alarm or Siren,test,Acceptable,4.0
AUD-000278,Alarm or Siren,train,Acceptable,4.0
AUD-000279,Alarm or Siren,val,Acceptable,4.0
AUD-000280,Alarm or Siren,train,Acceptable,4.0
AUD-000281,Alarm or Siren,test,Acceptable,4.0
AUD-000282,Alarm or Siren,val,Good,4.0
AUD-000283,Alarm or Siren,train,Good,4.0
AUD-000284,Alarm or Siren,test,Good,4.0
AUD-000285,Alarm or Siren,train,Good,4.0
AUD-000286,Alarm or Siren,test,Good,4.0
AUD-000287,Alarm or Siren,train,Good,4.0
AUD-000288,Alarm or Siren,train,Good,4.0
AUD-000289,Alarm or Siren,train,Good,4.0
AUD-000290,Alarm or Siren,train,Good,4.0
AUD-000291,Alarm or Siren,train,Good,4.0
AUD-000292,Alarm or Siren,val,Good,4.0
AUD-000293,Alarm or Siren,train,Good,4.0
AUD-000294,Alarm or Siren,test,Good,4.0
AUD-000295,Alarm or Siren,test,Good,4.0
AUD-000296,Alarm or Siren,train,Good,4.0
AUD-000297,Alarm or Siren,train,Good,4.0
AUD-000298,Alarm or Siren,test,Good,4.0
AUD-000299,Alarm or Siren,train,Good,4.0
AUD-000300,Alarm or Siren,test,Good,4.0
AUD-000301,Alarm or Siren,train,Good,4.0
AUD-000302,Alarm or Siren,val,Good,4.0
AUD-000303,Alarm or Siren,val,Good,4.0
AUD-000304,Alarm or Siren,train,Good,4.0
AUD-000305,Alarm or Siren,test,Good,4.0
AUD-000306,Alarm or Siren,test,Good,4.0
AUD-000307,Alarm or Siren,val,Good,4.0
AUD-000308,Alarm or Siren,train,Good,4.0
AUD-000309,Alarm or Siren,train,Good,4.0
AUD-000310,Alarm or Siren,train,Good,4.0
AUD-000311,Alarm or Siren,train,Good,4.0
AUD-000312,Alarm or Siren,train,Good,4.0
AUD-000313,Alarm or Siren,train,Good,4.0
AUD-000314,Alarm or Siren,train,Good,4.0
AUD-000315,Alarm or Siren,train,Good,4.0
AUD-000316,Alarm or Siren,train,Good,4.0
AUD-000317,Alarm or Siren,train,Good,4.0
AUD-000318,Alarm or Siren,train,Acceptable,4.0
AUD-000319,Alarm or Siren,train,Acceptable,4.0
AUD-000320,Alarm or Siren,val,Good,4.0
AUD-000321,Alarm or Siren,val,Good,4.0
AUD-000322,Alarm or Siren,val,Good,4.0
AUD-000323,Alarm or Siren,val,Acceptable,4.0
AUD-000324,Alarm or Siren,train,Acceptable,4.0
AUD-000325,Alarm or Siren,test,Acceptable,4.0
AUD-000326,Alarm or Siren,train,Acceptable,4.0
AUD-000327,Alarm or Siren,train,Good,4.0
AUD-000328,Alarm or Siren,val,Acceptable,4.0
AUD-000329,Alarm or Siren,val,Good,4.0
AUD-000330,Alarm or Siren,train,Acceptable,4.0
AUD-000331,Alarm or Siren,test,Acceptable,4.0
AUD-000332,Alarm or Siren,train,Good,4.0
AUD-000333,Alarm or Siren,val,Acceptable,4.0
AUD-000334,Alarm or Siren,train,Acceptable,4.0
AUD-000335,Alarm or Siren,train,Good,4.0
AUD-000336,Alarm or Siren,test,Good,4.0
AUD-000337,Alarm or Siren,train,Acceptable,4.0
AUD-000338,Alarm or Siren,train,Good,4.0
AUD-000339,Alarm or Siren,val,Good,4.0
AUD-000340,Alarm or Siren,train,Good,4.0
AUD-000341,Alarm or Siren,train,Good,4.0
AUD-000342,Alarm or Siren,train,Good,4.0
AUD-000343,Alarm or Siren,train,Acceptable,4.0
AUD-000344,Alarm or Siren,train,Good,4.0
AUD-000345,Alarm or Siren,train,Good,4.0
AUD-000346,Alarm or Siren,train,Good,4.0
AUD-000347,Alarm or Siren,train,Good,4.0
AUD-000348,Alarm or Siren,val,Good,4.0
AUD-000349,Alarm or Siren,train,Good,4.0
AUD-000350,Alarm or Siren,test,Good,4.0
AUD-000351,Alarm or Siren,test,Good,4.0
AUD-000352,Alarm or Siren,val,Good,4.0
AUD-000353,Alarm or Siren,train,Good,4.0
AUD-000354,Alarm or Siren,val,Good,4.0
AUD-000355,Alarm or Siren,train,Good,4.0
AUD-000356,Alarm or Siren,train,Poor,4.0
AUD-000357,Alarm or Siren,train,Acceptable,4.0
AUD-000358,Alarm or Siren,test,Poor,4.0
AUD-000359,Alarm or Siren,test,Poor,4.0
AUD-000360,Alarm or Siren,train,Poor,4.0
AUD-000361,Alarm or Siren,train,Acceptable,4.0
AUD-000362,Alarm or Siren,train,Poor,4.0
AUD-000363,Alarm or Siren,train,Poor,4.0
AUD-000364,Alarm or Siren,test,Poor,4.0
AUD-000365,Alarm or Siren,train,Good,0.928
AUD-000366,Alarm or Siren,val,Good,0.59
AUD-000367,Alarm or Siren,train,Good,4.0
AUD-000368,Alarm or Siren,val,Good,4.0
AUD-000369,Alarm or Siren,val,Good,4.0
AUD-000370,Alarm or Siren,test,Good,4.0
AUD-000371,Alarm or Siren,train,Good,4.0
AUD-000372,Alarm or Siren,train,Good,4.0
AUD-000373,Alarm or Siren,train,Good,4.0
AUD-000374,Alarm or Siren,test,Good,4.0
AUD-000375,Alarm or Siren,train,Good,4.0
AUD-000376,Alarm or Siren,train,Good,4.0
AUD-000377,Alarm or Siren,train,Good,4.0
AUD-000378,Alarm or Siren,train,Good,4.0
AUD-000379,Alarm or Siren,train,Good,4.0
AUD-000380,Alarm or Siren,train,Good,4.0
AUD-000381,Alarm or Siren,train,Good,4.0
AUD-000382,Alarm or Siren,train,Good,4.0
AUD-000383,Alarm or Siren,train,Good,4.0
AUD-000384,Alarm or Siren,train,Good,4.0
AUD-000385,Alarm or Siren,train,Good,4.0
AUD-000386,Alarm or Siren,train,Good,4.0
AUD-000387,Alarm or Siren,train,Good,4.0
AUD-000388,Alarm or Siren,train,Good,4.0
AUD-000389,Alarm or Siren,train,Good,4.0
AUD-000390,Alarm or Siren,train,Good,4.0
AUD-000391,Alarm or Siren,train,Good,4.0
AUD-000392,Alarm or Siren,train,Good,4.0
AUD-000393,Alarm or Siren,val,Good,4.0
AUD-000394,Alarm or Siren,train,Good,4.0
AUD-000395,Alarm or Siren,train,Good,4.0
AUD-000396,Alarm or Siren,train,Good,4.0
AUD-000397,Alarm or Siren,train,Good,4.0
AUD-000398,Alarm or Siren,test,Good,4.0
AUD-000399,Alarm or Siren,train,Good,4.0
AUD-000400,Alarm or Siren,train,Good,4.0
AUD-000401,Alarm or Siren,test,Good,4.0
AUD-000402,Alarm or Siren,train,Good,4.0
AUD-000403,Alarm or Siren,train,Good,4.0
AUD-000404,Alarm or Siren,test,Good,4.0
AUD-000405,Alarm or Siren,train,Good,4.0
AUD-000406,Alarm or Siren,train,Poor,4.0
AUD-000407,Alarm or Siren,test,Poor,4.0
AUD-000408,Alarm or Siren,train,Poor,4.0
AUD-000409,Alarm or Siren,train,Good,4.0
AUD-000410,Alarm or Siren,train,Good,4.0
AUD-000411,Alarm or Siren,val,Poor,4.0
AUD-000412,Alarm or Siren,train,Poor,4.0
AUD-000413,Alarm or Siren,train,Poor,4.0
AUD-000414,Alarm or Siren,train,Poor,4.0
AUD-000415,Alarm or Siren,train,Poor,4.0
AUD-000416,Alarm or Siren,train,Poor,4.0
AUD-000417,Alarm or Siren,val,Good,4.0
AUD-000418,Alarm or Siren,train,Good,4.0
AUD-000419,Alarm or Siren,train,Poor,4.0
AUD-000420,Alarm or Siren,train,Poor,4.0
AUD-000421,Alarm or Siren,train,Acceptable,4.0
AUD-000422,Alarm or Siren,train,Good,4.0
AUD-000423,Alarm or Siren,train,Good,1.408
AUD-000424,Alarm or Siren,test,Acceptable,4.0
AUD-000425,Alarm or Siren,val,Poor,4.0
AUD-000426,Alarm or Siren,train,Poor,4.0
AUD-000427,Alarm or Siren,train,Good,4.0
AUD-000428,Alarm or Siren,train,Good,4.0
AUD-000429,Alarm or Siren,train,Good,4.0
AUD-000430,Alarm or Siren,train,Poor,4.0
AUD-000431,Alarm or Siren,val,Poor,4.0
AUD-000432,Alarm or Siren,train,Poor,4.0
AUD-000433,Alarm or Siren,train,Poor,4.0
AUD-000434,Alarm or Siren,test,Good,4.0
AUD-000435,Alarm or Siren,train,Good,4.0
AUD-000436,Alarm or Siren,train,Good,4.0
AUD-000437,Alarm or Siren,train,Good,4.0
AUD-000438,Alarm or Siren,train,Good,4.0
AUD-000439,Alarm or Siren,train,Good,4.0
AUD-000440,Alarm or Siren,val,Good,4.0
AUD-000441,Alarm or Siren,train,Good,4.0
AUD-000442,Alarm or Siren,val,Good,4.0
AUD-000443,Alarm or Siren,train,Good,4.0
AUD-000444,Alarm or Siren,train,Good,4.0
AUD-000445,Alarm or Siren,train,Good,4.0
AUD-000446,Alarm or Siren,train,Poor,4.0
AUD-000447,Alarm or Siren,val,Poor,4.0
AUD-000448,Alarm or Siren,train,Good,4.0
AUD-000449,Alarm or Siren,val,Acceptable,4.0
AUD-000450,Alarm or Siren,train,Good,4.0
AUD-000451,Alarm or Siren,val,Good,4.0
AUD-000452,Alarm or Siren,train,Good,4.0
AUD-000453,Alarm or Siren,val,Good,4.0
AUD-000454,Alarm or Siren,train,Good,4.0
AUD-000455,Alarm or Siren,test,Good,4.0
AUD-000456,Alarm or Siren,train,Good,4.0
AUD-000457,Alarm or Siren,test,Good,4.0
AUD-000458,Alarm or Siren,test,Good,4.0
AUD-000459,Alarm or Siren,test,Good,4.0
AUD-000460,Alarm or Siren,train,Good,4.0
AUD-000461,Alarm or Siren,test,Good,4.0
AUD-000462,Alarm or Siren,val,Good,4.0
AUD-000463,Alarm or Siren,train,Good,4.0
AUD-000464,Alarm or Siren,val,Good,4.0
AUD-000465,Alarm or Siren,train,Good,4.0
AUD-000466,Alarm or Siren,test,Good,4.0
AUD-000467,Alarm or Siren,train,Good,0.966
AUD-000468,Alarm or Siren,test,Good,4.0
AUD-000469,Alarm or Siren,train,Good,4.0
AUD-000470,Alarm or Siren,train,Good,4.0
AUD-000471,Alarm or Siren,train,Good,4.0
AUD-000472,Alarm or Siren,train,Good,4.0
AUD-000473,Alarm or Siren,train,Good,4.0
AUD-000474,Alarm or Siren,train,Good,0.696
AUD-000475,Alarm or Siren,train,Good,3.015
AUD-000476,Alarm or Siren,train,Good,4.0
AUD-000477,Alarm or Siren,test,Poor,4.0
AUD-000478,Alarm or Siren,train,Acceptable,4.0
AUD-000479,Alarm or Siren,train,Acceptable,4.0
AUD-000480,Alarm or Siren,val,Acceptable,4.0
AUD-000481,Alarm or Siren,train,Acceptable,4.0
AUD-000482,Alarm or Siren,val,Good,4.0
AUD-000483,Alarm or Siren,val,Good,4.0
AUD-000484,Alarm or Siren,test,Good,4.0
AUD-000485,Alarm or Siren,train,Acceptable,4.0
AUD-000486,Alarm or Siren,val,Acceptable,4.0
AUD-000487,Alarm or Siren,train,Good,1.975
AUD-000488,Alarm or Siren,train,Good,4.0
AUD-000489,Alarm or Siren,test,Good,4.0
AUD-000490,Alarm or Siren,train,Good,4.0
AUD-000491,Alarm or Siren,test,Good,4.0
AUD-000492,Alarm or Siren,test,Good,4.0
AUD-000493,Alarm or Siren,train,Good,4.0
AUD-000494,Alarm or Siren,test,Acceptable,4.0
AUD-000495,Alarm or Siren,val,Acceptable,1.488
AUD-000496,Alarm or Siren,test,Acceptable,1.64
AUD-000497,Alarm or Siren,test,Acceptable,1.526
AUD-000498,Alarm or Siren,train,Good,4.0
AUD-000499,Alarm or Siren,test,Good,4.0
AUD-000500,Alarm or Siren,val,Good,4.0
AUD-000501,Alarm or Siren,val,Good,4.0
AUD-000502,Alarm or Siren,train,Good,4.0
AUD-000503,Alarm or Siren,train,Good,4.0
AUD-000504,Alarm or Siren,val,Good,4.0
AUD-000505,Alarm or Siren,train,Good,4.0
AUD-000506,Alarm or Siren,train,Good,4.0
AUD-000507,Alarm or Siren,train,Good,4.0
AUD-000508,Alarm or Siren,train,Good,4.0
AUD-000509,Alarm or Siren,train,Good,4.0
AUD-000510,Alarm or Siren,train,Good,4.0
AUD-000511,Alarm or Siren,train,Good,4.0
AUD-000512,Alarm or Siren,train,Good,4.0
AUD-000513,Alarm or Siren,train,Good,4.0
AUD-000514,Alarm or Siren,train,Acceptable,4.0
AUD-000515,Alarm or Siren,train,Acceptable,4.0
AUD-000516,Alarm or Siren,train,Good,4.0
AUD-000517,Alarm or Siren,train,Good,4.0
AUD-000518,Alarm or Siren,train,Good,4.0
AUD-000519,Alarm or Siren,train,Good,4.0
AUD-000520,Alarm or Siren,val,Good,4.0
AUD-000521,Alarm or Siren,test,Good,4.0
AUD-000522,Alarm or Siren,train,Good,4.0
AUD-000523,Alarm or Siren,train,Good,4.0
AUD-000524,Alarm or Siren,train,Good,4.0
AUD-000525,Alarm or Siren,train,Good,4.0
AUD-000526,Alarm or Siren,train,Good,4.0
AUD-000527,Alarm or Siren,val,Good,4.0
AUD-000528,Alarm or Siren,val,Good,4.0
AUD-000529,Alarm or Siren,train,Good,4.0
AUD-000530,Alarm or Siren,train,Good,4.0
AUD-000531,Alarm or Siren,train,Good,4.0
AUD-000532,Alarm or Siren,test,Good,4.0
AUD-000533,Alarm or Siren,test,Good,4.0
AUD-000534,Alarm or Siren,train,Good,4.0
AUD-000535,Alarm or Siren,train,Good,4.0
AUD-000536,Alarm or Siren,train,Good,4.0
AUD-000537,Alarm or Siren,train,Good,4.0
AUD-000538,Alarm or Siren,test,Good,4.0
AUD-000539,Alarm or Siren,train,Good,4.0
AUD-000540,Alarm or Siren,train,Good,4.0
AUD-000541,Alarm or Siren,train,Good,4.0
AUD-000542,Alarm or Siren,train,Good,4.0
AUD-000543,Alarm or Siren,train,Good,4.0
AUD-000544,Alarm or Siren,train,Good,4.0
AUD-000545,Alarm or Siren,test,Good,4.0
AUD-000546,Alarm or Siren,train,Good,4.0
AUD-000547,Alarm or Siren,train,Good,4.0
AUD-000548,Alarm or Siren,train,Good,4.0
AUD-000549,Alarm or Siren,test,Good,4.0
AUD-000550,Alarm or Siren,train,Good,4.0
AUD-000551,Alarm or Siren,test,Good,4.0
AUD-000552,Alarm or Siren,train,Good,4.0
AUD-000553,Alarm or Siren,train,Good,4.0
AUD-000554,Alarm or Siren,test,Good,4.0
AUD-000555,Alarm or Siren,train,Good,4.0
AUD-000556,Alarm or Siren,train,Good,4.0
AUD-000557,Alarm or Siren,train,Good,4.0
AUD-000558,Alarm or Siren,test,Acceptable,4.0
AUD-000559,Alarm or Siren,train,Good,3.007
AUD-000560,Alarm or Siren,train,Good,4.0
AUD-000561,Alarm or Siren,train,Acceptable,4.0
AUD-000562,Alarm or Siren,train,Poor,4.0
AUD-000563,Alarm or Siren,test,Poor,4.0
AUD-000564,Alarm or Siren,val,Poor,4.0
AUD-000565,Alarm or Siren,train,Good,4.0
AUD-000566,Alarm or Siren,train,Good,4.0
AUD-000567,Alarm or Siren,train,Good,4.0
AUD-000568,Alarm or Siren,test,Good,4.0
AUD-000569,Alarm or Siren,val,Good,4.0
AUD-000570,Alarm or Siren,train,Good,4.0
AUD-000571,Alarm or Siren,val,Good,4.0
AUD-000572,Alarm or Siren,test,Good,4.0
AUD-000573,Alarm or Siren,train,Good,4.0
AUD-000574,Alarm or Siren,train,Good,4.0
AUD-000575,Alarm or Siren,train,Good,4.0
AUD-000576,Alarm or Siren,train,Good,4.0
AUD-000577,Alarm or Siren,train,Good,4.0
AUD-000578,Alarm or Siren,train,Good,4.0
AUD-000579,Alarm or Siren,train,Good,4.0
AUD-000580,Alarm or Siren,train,Good,4.0
AUD-000581,Alarm or Siren,train,Good,4.0
AUD-000582,Alarm or Siren,val,Good,4.0
AUD-000583,Alarm or Siren,train,Good,4.0
AUD-000584,Alarm or Siren,train,Good,4.0
AUD-000585,Alarm or Siren,val,Good,4.0
AUD-000586,Alarm or Siren,train,Good,4.0
AUD-000587,Alarm or Siren,train,Good,4.0
AUD-000588,Alarm or Siren,train,Good,4.0
AUD-000589,Alarm or Siren,train,Good,4.0
AUD-000590,Alarm or Siren,train,Good,4.0
AUD-000591,Alarm or Siren,train,Good,4.0
AUD-000592,Alarm or Siren,train,Good,4.0
AUD-000593,Alarm or Siren,train,Good,4.0
AUD-000594,Alarm or Siren,val,Good,4.0
AUD-000595,Alarm or Siren,test,Good,4.0
AUD-000596,Alarm or Siren,train,Good,4.0
AUD-000597,Alarm or Siren,test,Good,4.0
AUD-000598,Alarm or Siren,test,Good,4.0
AUD-000599,Alarm or Siren,train,Acceptable,4.0
AUD-000600,Alarm or Siren,train,Acceptable,4.0
AUD-000601,Alarm or Siren,train,Good,4.0
AUD-000602,Alarm or Siren,train,Good,4.0
AUD-000603,Alarm or Siren,train,Good,4.0
AUD-000604,Alarm or Siren,val,Good,4.0
AUD-000605,Alarm or Siren,test,Acceptable,4.0
AUD-000606,Alarm or Siren,train,Good,4.0
AUD-000607,Alarm or Siren,train,Good,4.0
AUD-000608,Alarm or Siren,train,Good,4.0
AUD-000609,Alarm or Siren,train,Good,4.0
AUD-000610,Alarm or Siren,val,Good,4.0
AUD-000611,Alarm or Siren,train,Acceptable,4.0
AUD-000612,Alarm or Siren,train,Acceptable,4.0
AUD-000613,Alarm or Siren,train,Acceptable,4.0
AUD-000614,Alarm or Siren,train,Acceptable,4.0
AUD-000615,Alarm or Siren,train,Acceptable,4.0
AUD-000616,Alarm or Siren,train,Good,4.0
AUD-000617,Alarm or Siren,train,Good,4.0
AUD-000618,Alarm or Siren,train,Acceptable,4.0
AUD-000619,Alarm or Siren,train,Good,4.0
AUD-000620,Alarm or Siren,train,Good,4.0
AUD-000621,Alarm or Siren,train,Good,4.0
AUD-000622,Alarm or Siren,train,Acceptable,4.0
AUD-000623,Alarm or Siren,val,Good,4.0
AUD-000624,Alarm or Siren,train,Good,4.0
AUD-000625,Alarm or Siren,train,Acceptable,4.0
AUD-000626,Alarm or Siren,test,Acceptable,4.0
AUD-000627,Alarm or Siren,test,Acceptable,4.0
AUD-000628,Alarm or Siren,train,Good,4.0
AUD-000629,Alarm or Siren,train,Good,4.0
AUD-000630,Alarm or Siren,train,Good,4.0
AUD-000631,Alarm or Siren,val,Good,4.0
AUD-000632,Alarm or Siren,train,Good,4.0
AUD-000633,Alarm or Siren,train,Good,4.0
AUD-000634,Alarm or Siren,train,Good,4.0
AUD-000635,Alarm or Siren,train,Good,4.0
AUD-000636,Alarm or Siren,train,Good,4.0
AUD-000637,Alarm or Siren,train,Good,4.0
AUD-000638,Alarm or Siren,train,Good,4.0
AUD-000639,Alarm or Siren,test,Good,4.0
AUD-000640,Alarm or Siren,train,Good,4.0
AUD-000641,Alarm or Siren,train,Good,4.0
AUD-000642,Alarm or Siren,val,Good,4.0
AUD-000643,Alarm or Siren,train,Good,4.0
AUD-000644,Alarm or Siren,train,Good,4.0
AUD-000645,Alarm or Siren,train,Good,4.0
AUD-000646,Alarm or Siren,train,Good,4.0
AUD-000647,Alarm or Siren,train,Good,4.0
AUD-000648,Alarm or Siren,train,Good,4.0
AUD-000649,Alarm or Siren,train,Good,4.0
AUD-000650,Alarm or Siren,train,Good,4.0
AUD-000651,Alarm or Siren,train,Good,1.358
AUD-000652,Vehicle Horn,train,Acceptable,5.0
AUD-000653,Vehicle Horn,train,Acceptable,5.0
AUD-000654,Vehicle Horn,test,Good,5.0
AUD-000655,Vehicle Horn,train,Good,5.0
AUD-000656,Vehicle Horn,train,Acceptable,5.0
AUD-000657,Vehicle Horn,train,Acceptable,5.0
AUD-000658,Vehicle Horn,train,Acceptable,5.0
AUD-000659,Vehicle Horn,train,Good,5.0
AUD-000660,Vehicle Horn,train,Poor,5.0
AUD-000661,Vehicle Horn,train,Good,5.0
AUD-000662,Vehicle Horn,train,Good,5.0
AUD-000663,Vehicle Horn,train,Good,5.0
AUD-000664,Vehicle Horn,train,Good,5.0
AUD-000665,Vehicle Horn,train,Acceptable,5.0
AUD-000666,Vehicle Horn,train,Good,5.0
AUD-000667,Vehicle Horn,val,Acceptable,5.0
AUD-000668,Vehicle Horn,train,Acceptable,5.0
AUD-000669,Vehicle Horn,test,Good,5.0
AUD-000670,Vehicle Horn,train,Acceptable,5.0
AUD-000671,Vehicle Horn,train,Good,5.0
AUD-000672,Vehicle Horn,val,Good,5.0
AUD-000673,Vehicle Horn,train,Good,5.0
AUD-000674,Vehicle Horn,test,Acceptable,5.0
AUD-000675,Vehicle Horn,train,Good,5.0
AUD-000676,Vehicle Horn,train,Acceptable,5.0
AUD-000677,Vehicle Horn,train,Acceptable,5.0
AUD-000678,Vehicle Horn,train,Acceptable,5.0
AUD-000679,Vehicle Horn,train,Acceptable,5.0
AUD-000680,Vehicle Horn,train,Poor,5.0
AUD-000681,Vehicle Horn,train,Poor,5.0
AUD-000682,Vehicle Horn,train,Good,5.0
AUD-000683,Vehicle Horn,test,Good,5.0
AUD-000684,Vehicle Horn,train,Acceptable,5.0
AUD-000685,Vehicle Horn,train,Acceptable,5.0
AUD-000686,Vehicle Horn,train,Acceptable,5.0
AUD-000687,Vehicle Horn,train,Acceptable,5.0
AUD-000688,Vehicle Horn,test,Good,5.0
AUD-000689,Vehicle Horn,val,Good,5.0
AUD-000690,Vehicle Horn,val,Good,5.0
AUD-000691,Vehicle Horn,train,Good,5.0
AUD-000692,Vehicle Horn,val,Good,0.649
AUD-000693,Vehicle Horn,train,Good,1.05
AUD-000694,Vehicle Horn,test,Good,1.62
AUD-000695,Vehicle Horn,train,Acceptable,1.86
AUD-000696,Vehicle Horn,train,Good,0.599
AUD-000697,Vehicle Horn,train,Good,0.829
AUD-000698,Vehicle Horn,test,Good,0.576
AUD-000699,Vehicle Horn,train,Good,0.63
AUD-000700,Vehicle Horn,train,Good,0.86
AUD-000701,Vehicle Horn,train,Good,2.178
AUD-000702,Vehicle Horn,train,Good,0.867
AUD-000703,Vehicle Horn,val,Good,0.868
AUD-000704,Vehicle Horn,train,Good,0.568
AUD-000705,Vehicle Horn,test,Good,4.0
AUD-000706,Vehicle Horn,val,Good,4.0
AUD-000707,Vehicle Horn,val,Good,4.0
AUD-000708,Vehicle Horn,train,Good,4.0
AUD-000709,Vehicle Horn,val,Good,4.0
AUD-000710,Vehicle Horn,train,Good,4.0
AUD-000711,Vehicle Horn,train,Good,4.0
AUD-000712,Vehicle Horn,test,Good,4.0
AUD-000713,Vehicle Horn,train,Poor,1.46
AUD-000714,Vehicle Horn,val,Acceptable,1.986
AUD-000715,Vehicle Horn,train,Poor,0.78
AUD-000716,Vehicle Horn,train,Poor,1.359
AUD-000717,Vehicle Horn,train,Good,3.75
AUD-000718,Vehicle Horn,train,Good,3.6
AUD-000719,Vehicle Horn,train,Good,0.6
AUD-000720,Vehicle Horn,test,Good,1.207
AUD-000721,Vehicle Horn,train,Good,1.207
AUD-000722,Vehicle Horn,train,Poor,0.85
AUD-000723,Vehicle Horn,train,Good,1.106
AUD-000724,Vehicle Horn,val,Good,1.099
AUD-000725,Vehicle Horn,train,Good,2.2
AUD-000726,Vehicle Horn,train,Good,0.678
AUD-000727,Vehicle Horn,train,Good,2.11
AUD-000728,Vehicle Horn,test,Good,0.606
AUD-000729,Vehicle Horn,train,Good,0.639
AUD-000730,Vehicle Horn,train,Good,1.747
AUD-000731,Vehicle Horn,train,Good,1.76
AUD-000732,Vehicle Horn,train,Good,1.32
AUD-000733,Vehicle Horn,train,Good,0.739
AUD-000734,Vehicle Horn,val,Good,2.36
AUD-000735,Vehicle Horn,val,Good,0.846
AUD-000736,Vehicle Horn,train,Good,1.159
AUD-000737,Vehicle Horn,train,Good,0.77
AUD-000738,Vehicle Horn,train,Good,1.498
AUD-000739,Vehicle Horn,test,Good,0.86
AUD-000740,Vehicle Horn,train,Good,0.76
AUD-000741,Vehicle Horn,train,Good,0.579
AUD-000742,Vehicle Horn,test,Good,2.98
AUD-000743,Vehicle Horn,val,Good,1.81
AUD-000744,Vehicle Horn,test,Good,0.897
AUD-000745,Vehicle Horn,val,Good,0.89
AUD-000746,Vehicle Horn,train,Good,0.738
AUD-000747,Vehicle Horn,train,Good,1.49
AUD-000748,Vehicle Horn,train,Good,0.817
AUD-000749,Vehicle Horn,train,Good,0.538
AUD-000750,Vehicle Horn,train,Good,0.519
AUD-000751,Vehicle Horn,train,Good,1.74
AUD-000752,Vehicle Horn,train,Good,1.44
AUD-000753,Vehicle Horn,val,Good,1.13
AUD-000754,Vehicle Horn,train,Good,0.69
AUD-000755,Vehicle Horn,train,Good,0.548
AUD-000756,Vehicle Horn,train,Good,1.125
AUD-000757,Vehicle Horn,train,Poor,1.12
AUD-000758,Vehicle Horn,val,Good,1.978
AUD-000759,Vehicle Horn,train,Good,0.549
AUD-000760,Vehicle Horn,val,Good,0.796
AUD-000761,Vehicle Horn,train,Good,2.045
AUD-000762,Vehicle Horn,test,Good,1.09
AUD-000763,Vehicle Horn,train,Good,0.756
AUD-000764,Vehicle Horn,train,Good,0.8
AUD-000765,Vehicle Horn,val,Good,1.33
AUD-000766,Vehicle Horn,train,Good,0.715
AUD-000767,Vehicle Horn,train,Good,0.54
AUD-000768,Vehicle Horn,train,Good,2.15
AUD-000769,Vehicle Horn,train,Good,2.357
AUD-000770,Vehicle Horn,train,Good,1.42
AUD-000771,Vehicle Horn,train,Good,1.46
AUD-000772,Vehicle Horn,val,Good,0.616
AUD-000773,Vehicle Horn,train,Good,0.598
AUD-000774,Vehicle Horn,val,Good,1.21
AUD-000775,Vehicle Horn,train,Good,3.905
AUD-000776,Vehicle Horn,train,Good,0.598
AUD-000777,Vehicle Horn,train,Good,0.87
AUD-000778,Vehicle Horn,test,Good,1.16
AUD-000779,Vehicle Horn,train,Good,2.69
AUD-000780,Vehicle Horn,test,Good,1.09
AUD-000781,Vehicle Horn,train,Good,1.67
AUD-000782,Vehicle Horn,train,Good,0.66
AUD-000783,Vehicle Horn,test,Good,1.416
AUD-000784,Vehicle Horn,test,Good,0.99
AUD-000785,Vehicle Horn,train,Good,2.548
AUD-000786,Vehicle Horn,val,Good,2.69
AUD-000787,Vehicle Horn,train,Good,3.82
AUD-000788,Vehicle Horn,test,Good,2.97
AUD-000789,Vehicle Horn,val,Good,1.27
AUD-000790,Vehicle Horn,test,Good,0.63
AUD-000791,Vehicle Horn,test,Good,1.286
AUD-000792,Vehicle Horn,train,Good,4.0
AUD-000793,Vehicle Horn,train,Good,4.0
AUD-000794,Vehicle Horn,train,Good,2.618
AUD-000795,Vehicle Horn,train,Good,1.699
AUD-000796,Vehicle Horn,train,Good,4.0
AUD-000797,Vehicle Horn,train,Good,4.0
AUD-000798,Vehicle Horn,train,Good,4.0
AUD-000799,Vehicle Horn,train,Good,4.0
AUD-000800,Vehicle Horn,train,Good,4.0
AUD-000801,Vehicle Horn,test,Good,4.0
AUD-000802,Vehicle Horn,val,Good,4.0
AUD-000803,Vehicle Horn,train,Good,4.0
AUD-000804,Vehicle Horn,val,Good,4.0
AUD-000805,Vehicle Horn,train,Good,4.0
AUD-000806,Vehicle Horn,train,Good,4.0
AUD-000807,Vehicle Horn,train,Good,4.0
AUD-000808,Vehicle Horn,train,Good,4.0
AUD-000809,Vehicle Horn,train,Good,4.0
AUD-000810,Vehicle Horn,train,Good,4.0
AUD-000811,Vehicle Horn,train,Good,4.0
AUD-000812,Vehicle Horn,val,Good,4.0
AUD-000813,Vehicle Horn,train,Good,4.0
AUD-000814,Vehicle Horn,train,Good,1.336
AUD-000815,Vehicle Horn,val,Good,2.168
AUD-000816,Vehicle Horn,train,Good,4.0
AUD-000817,Vehicle Horn,train,Good,4.0
AUD-000818,Vehicle Horn,train,Good,4.0
AUD-000819,Vehicle Horn,val,Good,4.0
AUD-000820,Vehicle Horn,train,Good,4.0
AUD-000821,Vehicle Horn,val,Good,4.0
AUD-000822,Vehicle Horn,train,Good,4.0
AUD-000823,Vehicle Horn,train,Good,4.0
AUD-000824,Vehicle Horn,train,Good,4.0
AUD-000825,Vehicle Horn,val,Good,4.0
AUD-000826,Vehicle Horn,train,Good,4.0
AUD-000827,Vehicle Horn,train,Good,4.0
AUD-000828,Vehicle Horn,train,Good,4.0
AUD-000829,Vehicle Horn,val,Good,3.15
AUD-000830,Vehicle Horn,val,Good,1.11
AUD-000831,Vehicle Horn,train,Good,1.17
AUD-000832,Vehicle Horn,train,Good,4.0
AUD-000833,Vehicle Horn,val,Good,4.0
AUD-000834,Vehicle Horn,train,Good,4.0
AUD-000835,Vehicle Horn,train,Good,4.0
AUD-000836,Vehicle Horn,val,Good,4.0
AUD-000837,Vehicle Horn,test,Good,4.0
AUD-000838,Vehicle Horn,val,Good,4.0
AUD-000839,Vehicle Horn,test,Good,4.0
AUD-000840,Vehicle Horn,train,Good,4.0
AUD-000841,Vehicle Horn,train,Good,4.0
AUD-000842,Vehicle Horn,train,Good,4.0
AUD-000843,Vehicle Horn,train,Good,4.0
AUD-000844,Vehicle Horn,train,Good,4.0
AUD-000845,Vehicle Horn,train,Good,1.838
AUD-000846,Vehicle Horn,train,Good,1.44
AUD-000847,Vehicle Horn,test,Acceptable,1.29
AUD-000848,Vehicle Horn,train,Good,1.43
AUD-000849,Vehicle Horn,train,Good,3.746
AUD-000850,Vehicle Horn,train,Good,1.318
AUD-000851,Vehicle Horn,train,Good,1.036
AUD-000852,Vehicle Horn,train,Good,4.0
AUD-000853,Vehicle Horn,test,Good,1.09
AUD-000854,Vehicle Horn,test,Good,2.588
AUD-000855,Vehicle Horn,train,Good,1.16
AUD-000856,Vehicle Horn,test,Good,1.2
AUD-000857,Vehicle Horn,train,Good,1.287
AUD-000858,Vehicle Horn,test,Good,4.0
AUD-000859,Vehicle Horn,train,Good,4.0
AUD-000860,Vehicle Horn,test,Good,4.0
AUD-000861,Vehicle Horn,train,Good,4.0
AUD-000862,Vehicle Horn,train,Good,4.0
AUD-000863,Vehicle Horn,val,Good,1.455
AUD-000864,Vehicle Horn,train,Good,0.885
AUD-000865,Vehicle Horn,val,Good,4.0
AUD-000866,Vehicle Horn,train,Good,4.0
AUD-000867,Vehicle Horn,train,Good,0.745
AUD-000868,Vehicle Horn,train,Good,4.0
AUD-000869,Vehicle Horn,train,Good,4.0
AUD-000870,Vehicle Horn,train,Good,4.0
AUD-000871,Vehicle Horn,train,Good,4.0
AUD-000872,Vehicle Horn,train,Good,4.0
AUD-000873,Vehicle Horn,train,Good,4.0
AUD-000874,Vehicle Horn,train,Good,4.0
AUD-000875,Vehicle Horn,train,Good,4.0
AUD-000876,Vehicle Horn,test,Good,1.38
AUD-000877,Vehicle Horn,train,Good,0.93
AUD-000878,Vehicle Horn,train,Good,0.55
AUD-000879,Vehicle Horn,train,Good,4.0
AUD-000880,Vehicle Horn,train,Good,4.0
AUD-000881,Vehicle Horn,test,Good,4.0
AUD-000882,Vehicle Horn,train,Good,4.0
AUD-000883,Vehicle Horn,train,Good,4.0
AUD-000884,Vehicle Horn,train,Good,3.77
AUD-000885,Vehicle Horn,val,Good,4.0
AUD-000886,Vehicle Horn,train,Good,4.0
AUD-000887,Vehicle Horn,train,Good,4.0
AUD-000888,Vehicle Horn,test,Good,4.0
AUD-000889,Vehicle Horn,test,Good,4.0
AUD-000890,Vehicle Horn,train,Good,4.0
AUD-000891,Vehicle Horn,train,Good,4.0
AUD-000892,Vehicle Horn,train,Good,4.0
AUD-000893,Vehicle Horn,test,Good,4.0
AUD-000894,Vehicle Horn,train,Good,4.0
AUD-000895,Vehicle Horn,test,Good,4.0
AUD-000896,Vehicle Horn,test,Good,4.0
AUD-000897,Vehicle Horn,train,Good,4.0
AUD-000898,Vehicle Horn,train,Good,3.23
AUD-000899,Vehicle Horn,test,Good,3.95
AUD-000900,Vehicle Horn,train,Good,4.0
AUD-000901,Vehicle Horn,train,Good,4.0
AUD-000902,Vehicle Horn,train,Good,4.0
AUD-000903,Vehicle Horn,val,Good,4.0
AUD-000904,Vehicle Horn,train,Good,4.0
AUD-000905,Vehicle Horn,train,Good,4.0
AUD-000906,Vehicle Horn,train,Good,4.0
AUD-000907,Vehicle Horn,test,Good,4.0
AUD-000908,Vehicle Horn,train,Good,4.0
AUD-000909,Vehicle Horn,test,Good,4.0
AUD-000910,Vehicle Horn,train,Good,4.0
AUD-000911,Vehicle Horn,test,Good,4.0
AUD-000912,Vehicle Horn,train,Good,4.0
AUD-000913,Vehicle Horn,val,Good,4.0
AUD-000914,Vehicle Horn,train,Good,4.0
AUD-000915,Vehicle Horn,test,Good,4.0
AUD-000916,Vehicle Horn,train,Good,4.0
AUD-000917,Vehicle Horn,train,Good,4.0
AUD-000918,Vehicle Horn,train,Good,4.0
AUD-000919,Vehicle Horn,train,Good,4.0
AUD-000920,Vehicle Horn,train,Good,4.0
AUD-000921,Vehicle Horn,train,Good,4.0
AUD-000922,Vehicle Horn,val,Good,4.0
AUD-000923,Vehicle Horn,train,Good,4.0
AUD-000924,Vehicle Horn,test,Good,4.0
AUD-000925,Vehicle Horn,train,Good,4.0
AUD-000926,Vehicle Horn,test,Good,4.0
AUD-000927,Vehicle Horn,train,Good,4.0
AUD-000928,Vehicle Horn,train,Good,3.95
AUD-000929,Vehicle Horn,train,Good,4.0
AUD-000930,Vehicle Horn,test,Good,4.0
AUD-000931,Vehicle Horn,train,Good,4.0
AUD-000932,Vehicle Horn,val,Good,4.0
AUD-000933,Vehicle Horn,train,Good,4.0
AUD-000934,Vehicle Horn,train,Good,4.0
AUD-000935,Vehicle Horn,val,Good,4.0
AUD-000936,Vehicle Horn,train,Good,4.0
AUD-000937,Vehicle Horn,train,Good,4.0
AUD-000938,Vehicle Horn,train,Good,4.0
AUD-000939,Vehicle Horn,train,Good,4.0
AUD-000940,Vehicle Horn,train,Good,4.0
AUD-000941,Vehicle Horn,test,Good,4.0
AUD-000942,Vehicle Horn,train,Good,4.0
AUD-000943,Vehicle Horn,train,Good,4.0
AUD-000944,Vehicle Horn,train,Good,4.0
AUD-000945,Vehicle Horn,train,Good,4.0
AUD-000946,Vehicle Horn,test,Good,4.0
AUD-000947,Vehicle Horn,val,Good,4.0
AUD-000948,Vehicle Horn,train,Good,3.21
AUD-000949,Vehicle Horn,train,Good,4.0
AUD-000950,Vehicle Horn,val,Good,4.0
AUD-000951,Vehicle Horn,train,Good,4.0
AUD-000952,Vehicle Horn,train,Good,4.0
AUD-000953,Vehicle Horn,train,Good,4.0
AUD-000954,Vehicle Horn,train,Good,4.0
AUD-000955,Vehicle Horn,val,Good,1.14
AUD-000956,Vehicle Horn,train,Good,4.0
AUD-000957,Vehicle Horn,train,Good,4.0
AUD-000958,Vehicle Horn,train,Good,4.0
AUD-000959,Vehicle Horn,train,Good,4.0
AUD-000960,Vehicle Horn,train,Good,4.0
AUD-000961,Vehicle Horn,val,Good,4.0
AUD-000962,Vehicle Horn,train,Good,4.0
AUD-000963,Vehicle Horn,test,Good,3.97
AUD-000964,Vehicle Horn,train,Good,0.657
AUD-000965,Vehicle Horn,test,Good,0.85
AUD-000966,Vehicle Horn,train,Good,4.0
AUD-000967,Vehicle Horn,train,Good,4.0
AUD-000968,Vehicle Horn,train,Good,4.0
AUD-000969,Vehicle Horn,test,Good,4.0
AUD-000970,Vehicle Horn,val,Good,4.0
AUD-000971,Vehicle Horn,train,Good,4.0
AUD-000972,Vehicle Horn,train,Good,4.0
AUD-000973,Vehicle Horn,train,Good,4.0
AUD-000974,Vehicle Horn,train,Good,3.905
AUD-000975,Vehicle Horn,train,Good,4.0
AUD-000976,Vehicle Horn,train,Good,4.0
AUD-000977,Vehicle Horn,train,Good,4.0
AUD-000978,Vehicle Horn,test,Good,4.0
AUD-000979,Vehicle Horn,train,Good,4.0
AUD-000980,Vehicle Horn,train,Good,4.0
AUD-000981,Vehicle Horn,train,Good,4.0
AUD-000982,Vehicle Horn,val,Good,4.0
AUD-000983,Vehicle Horn,train,Good,4.0
AUD-000984,Vehicle Horn,train,Good,4.0
AUD-000985,Vehicle Horn,val,Good,4.0
AUD-000986,Vehicle Horn,train,Good,4.0
AUD-000987,Vehicle Horn,test,Good,4.0
AUD-000988,Vehicle Horn,train,Good,4.0
AUD-000989,Vehicle Horn,train,Good,4.0
AUD-000990,Vehicle Horn,train,Good,4.0
AUD-000991,Vehicle Horn,train,Good,4.0
AUD-000992,Vehicle Horn,val,Good,4.0
AUD-000993,Vehicle Horn,train,Good,4.0
AUD-000994,Vehicle Horn,test,Good,4.0
AUD-000995,Vehicle Horn,train,Good,4.0
AUD-000996,Vehicle Horn,train,Good,4.0
AUD-000997,Vehicle Horn,train,Good,4.0
AUD-000998,Vehicle Horn,train,Good,4.0
AUD-000999,Vehicle Horn,val,Good,4.0
AUD-001000,Vehicle Horn,val,Good,0.59
AUD-001001,Vehicle Horn,train,Good,4.0
AUD-001002,Vehicle Horn,train,Good,0.52
AUD-001003,Vehicle Horn,train,Good,0.58
AUD-001004,Vehicle Horn,train,Good,1.099
AUD-001005,Vehicle Horn,train,Good,4.0
AUD-001006,Vehicle Horn,train,Good,4.0
AUD-001007,Vehicle Horn,train,Good,4.0
AUD-001008,Vehicle Horn,test,Acceptable,4.0
AUD-001009,Vehicle Horn,train,Acceptable,4.0
AUD-001010,Vehicle Horn,train,Acceptable,4.0
AUD-001011,Vehicle Horn,train,Acceptable,4.0
AUD-001012,Vehicle Horn,val,Acceptable,4.0
AUD-001013,Vehicle Horn,val,Good,2.14
AUD-001014,Vehicle Horn,train,Good,3.506
AUD-001015,Vehicle Horn,train,Acceptable,2.53
AUD-001016,Vehicle Horn,train,Acceptable,2.53
AUD-001017,Animal Sound,test,Acceptable,5.0
AUD-001018,Animal Sound,train,Good,5.0
AUD-001019,Animal Sound,test,Good,5.0
AUD-001020,Animal Sound,test,Acceptable,5.0
AUD-001021,Animal Sound,test,Acceptable,5.0
AUD-001022,Animal Sound,val,Good,5.0
AUD-001023,Animal Sound,val,Good,5.0
AUD-001024,Animal Sound,test,Good,5.0
AUD-001025,Animal Sound,train,Acceptable,5.0
AUD-001026,Animal Sound,test,Good,5.0
AUD-001027,Animal Sound,train,Acceptable,5.0
AUD-001028,Animal Sound,train,Good,5.0
AUD-001029,Animal Sound,test,Good,5.0
AUD-001030,Animal Sound,train,Acceptable,5.0
AUD-001031,Animal Sound,val,Good,5.0
AUD-001032,Animal Sound,train,Good,5.0
AUD-001033,Animal Sound,train,Good,5.0
AUD-001034,Animal Sound,train,Acceptable,5.0
AUD-001035,Animal Sound,train,Acceptable,5.0
AUD-001036,Animal Sound,train,Acceptable,5.0
AUD-001037,Animal Sound,train,Acceptable,5.0
AUD-001038,Animal Sound,train,Good,5.0
AUD-001039,Animal Sound,val,Acceptable,5.0
AUD-001040,Animal Sound,train,Acceptable,5.0
AUD-001041,Animal Sound,test,Acceptable,5.0
AUD-001042,Animal Sound,test,Acceptable,5.0
AUD-001043,Animal Sound,train,Acceptable,5.0
AUD-001044,Animal Sound,test,Good,5.0
AUD-001045,Animal Sound,train,Good,5.0
AUD-001046,Animal Sound,train,Good,5.0
AUD-001047,Animal Sound,train,Good,5.0
AUD-001048,Animal Sound,train,Good,5.0
AUD-001049,Animal Sound,train,Good,5.0
AUD-001050,Animal Sound,test,Good,5.0
AUD-001051,Animal Sound,train,Good,5.0
AUD-001052,Animal Sound,train,Acceptable,5.0
AUD-001053,Animal Sound,train,Good,5.0
AUD-001054,Animal Sound,train,Good,5.0
AUD-001055,Animal Sound,test,Acceptable,5.0
AUD-001056,Animal Sound,test,Acceptable,5.0
AUD-001057,Animal Sound,train,Acceptable,5.0
AUD-001058,Animal Sound,val,Good,5.0
AUD-001059,Animal Sound,val,Acceptable,5.0
AUD-001060,Animal Sound,train,Acceptable,5.0
AUD-001061,Animal Sound,train,Acceptable,5.0
AUD-001062,Animal Sound,test,Acceptable,5.0
AUD-001063,Animal Sound,val,Acceptable,5.0
AUD-001064,Animal Sound,test,Good,5.0
AUD-001065,Animal Sound,train,Good,5.0
AUD-001066,Animal Sound,train,Acceptable,5.0
AUD-001067,Animal Sound,val,Acceptable,5.0
AUD-001068,Animal Sound,train,Good,5.0
AUD-001069,Animal Sound,val,Good,5.0
AUD-001070,Animal Sound,train,Good,5.0
AUD-001071,Animal Sound,train,Good,5.0
AUD-001072,Animal Sound,val,Good,5.0
AUD-001073,Animal Sound,train,Acceptable,5.0
AUD-001074,Animal Sound,train,Poor,5.0
AUD-001075,Animal Sound,train,Acceptable,5.0
AUD-001076,Animal Sound,train,Acceptable,5.0
AUD-001077,Animal Sound,val,Acceptable,5.0
AUD-001078,Animal Sound,train,Good,5.0
AUD-001079,Animal Sound,train,Acceptable,5.0
AUD-001080,Animal Sound,train,Good,5.0
AUD-001081,Animal Sound,train,Good,5.0
AUD-001082,Animal Sound,train,Good,5.0
AUD-001083,Animal Sound,test,Good,5.0
AUD-001084,Animal Sound,train,Acceptable,5.0
AUD-001085,Animal Sound,val,Good,5.0
AUD-001086,Animal Sound,train,Good,5.0
AUD-001087,Animal Sound,train,Acceptable,5.0
AUD-001088,Animal Sound,train,Poor,5.0
AUD-001089,Animal Sound,val,Acceptable,5.0
AUD-001090,Animal Sound,train,Good,5.0
AUD-001091,Animal Sound,val,Good,5.0
AUD-001092,Animal Sound,train,Good,5.0
AUD-001093,Animal Sound,train,Good,5.0
AUD-001094,Animal Sound,val,Acceptable,5.0
AUD-001095,Animal Sound,train,Poor,5.0
AUD-001096,Animal Sound,train,Acceptable,5.0
AUD-001097,Animal Sound,test,Acceptable,5.0
AUD-001098,Animal Sound,train,Poor,5.0
AUD-001099,Animal Sound,train,Poor,5.0
AUD-001100,Animal Sound,train,Good,5.0
AUD-001101,Animal Sound,train,Good,5.0
AUD-001102,Animal Sound,val,Good,5.0
AUD-001103,Animal Sound,train,Good,5.0
AUD-001104,Animal Sound,train,Good,5.0
AUD-001105,Animal Sound,val,Good,5.0
AUD-001106,Animal Sound,test,Good,5.0
AUD-001107,Animal Sound,train,Good,5.0
AUD-001108,Animal Sound,train,Good,5.0
AUD-001109,Animal Sound,test,Acceptable,5.0
AUD-001110,Animal Sound,train,Poor,5.0
AUD-001111,Animal Sound,val,Good,5.0
AUD-001112,Animal Sound,train,Good,5.0
AUD-001113,Animal Sound,train,Poor,5.0
AUD-001114,Animal Sound,test,Good,5.0
AUD-001115,Animal Sound,train,Good,5.0
AUD-001116,Animal Sound,train,Good,5.0
AUD-001117,Animal Sound,train,Good,5.0
AUD-001118,Animal Sound,train,Acceptable,5.0
AUD-001119,Animal Sound,val,Acceptable,5.0
AUD-001120,Animal Sound,train,Good,5.0
AUD-001121,Animal Sound,train,Good,5.0
AUD-001122,Animal Sound,val,Acceptable,5.0
AUD-001123,Animal Sound,test,Acceptable,5.0
AUD-001124,Animal Sound,train,Acceptable,5.0
AUD-001125,Animal Sound,val,Good,5.0
AUD-001126,Animal Sound,train,Good,5.0
AUD-001127,Animal Sound,val,Good,5.0
AUD-001128,Animal Sound,train,Good,5.0
AUD-001129,Animal Sound,test,Good,5.0
AUD-001130,Animal Sound,train,Poor,5.0
AUD-001131,Animal Sound,train,Poor,5.0
AUD-001132,Animal Sound,train,Acceptable,5.0
AUD-001133,Animal Sound,train,Acceptable,5.0
AUD-001134,Animal Sound,val,Good,5.0
AUD-001135,Animal Sound,train,Acceptable,5.0
AUD-001136,Animal Sound,train,Good,5.0
AUD-001137,Animal Sound,test,Good,5.0
AUD-001138,Animal Sound,train,Good,5.0
AUD-001139,Animal Sound,train,Good,5.0
AUD-001140,Animal Sound,train,Acceptable,5.0
AUD-001141,Animal Sound,train,Acceptable,5.0
AUD-001142,Animal Sound,val,Acceptable,5.0
AUD-001143,Animal Sound,train,Acceptable,5.0
AUD-001144,Animal Sound,train,Acceptable,5.0
AUD-001145,Animal Sound,train,Good,5.0
AUD-001146,Animal Sound,train,Good,5.0
AUD-001147,Animal Sound,train,Good,5.0
AUD-001148,Animal Sound,test,Good,5.0
AUD-001149,Animal Sound,val,Acceptable,5.0
AUD-001150,Animal Sound,train,Good,5.0
AUD-001151,Animal Sound,train,Good,5.0
AUD-001152,Animal Sound,train,Good,5.0
AUD-001153,Animal Sound,val,Good,5.0
AUD-001154,Animal Sound,val,Good,5.0
AUD-001155,Animal Sound,val,Acceptable,5.0
AUD-001156,Animal Sound,val,Acceptable,5.0
AUD-001157,Animal Sound,train,Good,5.0
AUD-001158,Animal Sound,train,Acceptable,5.0
AUD-001159,Animal Sound,train,Good,5.0
AUD-001160,Animal Sound,train,Good,5.0
AUD-001161,Animal Sound,val,Good,5.0
AUD-001162,Animal Sound,val,Acceptable,5.0
AUD-001163,Animal Sound,train,Acceptable,5.0
AUD-001164,Animal Sound,train,Good,5.0
AUD-001165,Animal Sound,train,Good,5.0
AUD-001166,Animal Sound,train,Good,5.0
AUD-001167,Animal Sound,train,Poor,5.0
AUD-001168,Animal Sound,train,Good,5.0
AUD-001169,Animal Sound,train,Acceptable,5.0
AUD-001170,Animal Sound,train,Good,5.0
AUD-001171,Animal Sound,train,Good,5.0
AUD-001172,Animal Sound,train,Good,5.0
AUD-001173,Animal Sound,train,Good,5.0
AUD-001174,Animal Sound,train,Good,5.0
AUD-001175,Animal Sound,train,Good,5.0
AUD-001176,Animal Sound,train,Good,5.0
AUD-001177,Animal Sound,train,Good,5.0
AUD-001178,Animal Sound,train,Acceptable,5.0
AUD-001179,Animal Sound,train,Good,5.0
AUD-001180,Animal Sound,train,Good,5.0
AUD-001181,Animal Sound,test,Good,5.0
AUD-001182,Animal Sound,val,Good,5.0
AUD-001183,Animal Sound,train,Good,5.0
AUD-001184,Animal Sound,test,Good,5.0
AUD-001185,Animal Sound,train,Good,5.0
AUD-001186,Animal Sound,train,Acceptable,5.0
AUD-001187,Animal Sound,train,Acceptable,5.0
AUD-001188,Animal Sound,val,Acceptable,5.0
AUD-001189,Animal Sound,val,Good,5.0
AUD-001190,Animal Sound,train,Good,5.0
AUD-001191,Animal Sound,train,Good,5.0
AUD-001192,Animal Sound,train,Good,5.0
AUD-001193,Animal Sound,train,Acceptable,5.0
AUD-001194,Animal Sound,train,Poor,5.0
AUD-001195,Animal Sound,train,Good,5.0
AUD-001196,Animal Sound,train,Acceptable,5.0
AUD-001197,Animal Sound,train,Good,5.0
AUD-001198,Animal Sound,train,Good,5.0
AUD-001199,Animal Sound,val,Good,5.0
AUD-001200,Animal Sound,val,Good,5.0
AUD-001201,Animal Sound,train,Acceptable,5.0
AUD-001202,Animal Sound,train,Good,5.0
AUD-001203,Animal Sound,train,Good,5.0
AUD-001204,Animal Sound,train,Good,5.0
AUD-001205,Animal Sound,train,Poor,5.0
AUD-001206,Animal Sound,train,Acceptable,5.0
AUD-001207,Animal Sound,train,Poor,5.0
AUD-001208,Animal Sound,val,Acceptable,5.0
AUD-001209,Animal Sound,train,Good,5.0
AUD-001210,Animal Sound,test,Good,5.0
AUD-001211,Animal Sound,val,Good,5.0
AUD-001212,Animal Sound,train,Good,5.0
AUD-001213,Animal Sound,train,Good,5.0
AUD-001214,Animal Sound,train,Good,5.0
AUD-001215,Animal Sound,train,Good,5.0
AUD-001216,Animal Sound,train,Good,5.0
AUD-001217,Animal Sound,train,Poor,5.0
AUD-001218,Animal Sound,train,Good,5.0
AUD-001219,Animal Sound,train,Acceptable,5.0
AUD-001220,Animal Sound,train,Good,5.0
AUD-001221,Animal Sound,test,Good,5.0
AUD-001222,Animal Sound,train,Acceptable,5.0
AUD-001223,Animal Sound,test,Good,5.0
AUD-001224,Animal Sound,train,Acceptable,5.0
AUD-001225,Animal Sound,train,Good,5.0
AUD-001226,Animal Sound,train,Acceptable,5.0
AUD-001227,Animal Sound,train,Acceptable,5.0
AUD-001228,Animal Sound,val,Acceptable,5.0
AUD-001229,Animal Sound,train,Acceptable,5.0
AUD-001230,Animal Sound,test,Acceptable,5.0
AUD-001231,Animal Sound,train,Poor,5.0
AUD-001232,Animal Sound,val,Good,5.0
AUD-001233,Animal Sound,train,Good,5.0
AUD-001234,Animal Sound,train,Acceptable,5.0
AUD-001235,Animal Sound,train,Good,5.0
AUD-001236,Animal Sound,train,Good,5.0
AUD-001237,Animal Sound,train,Good,5.0
AUD-001238,Animal Sound,train,Good,5.0
AUD-001239,Animal Sound,test,Acceptable,5.0
AUD-001240,Animal Sound,train,Good,5.0
AUD-001241,Animal Sound,test,Acceptable,5.0
AUD-001242,Animal Sound,train,Good,5.0
AUD-001243,Animal Sound,train,Good,5.0
AUD-001244,Animal Sound,val,Good,5.0
AUD-001245,Animal Sound,test,Good,5.0
AUD-001246,Animal Sound,train,Good,5.0
AUD-001247,Animal Sound,test,Good,5.0
AUD-001248,Animal Sound,train,Good,5.0
AUD-001249,Animal Sound,test,Good,5.0
AUD-001250,Animal Sound,train,Good,5.0
AUD-001251,Animal Sound,train,Acceptable,5.0
AUD-001252,Animal Sound,test,Acceptable,5.0
AUD-001253,Animal Sound,train,Acceptable,5.0
AUD-001254,Animal Sound,train,Acceptable,5.0
AUD-001255,Animal Sound,val,Good,5.0
AUD-001256,Animal Sound,train,Good,5.0
AUD-001257,Animal Sound,train,Good,5.0
AUD-001258,Animal Sound,train,Good,5.0
AUD-001259,Animal Sound,val,Acceptable,5.0
AUD-001260,Animal Sound,train,Acceptable,5.0
AUD-001261,Animal Sound,train,Good,5.0
AUD-001262,Animal Sound,train,Good,5.0
AUD-001263,Animal Sound,train,Good,5.0
AUD-001264,Animal Sound,train,Good,5.0
AUD-001265,Animal Sound,test,Good,5.0
AUD-001266,Animal Sound,train,Good,5.0
AUD-001267,Animal Sound,train,Good,5.0
AUD-001268,Animal Sound,train,Good,5.0
AUD-001269,Animal Sound,val,Good,5.0
AUD-001270,Animal Sound,train,Acceptable,5.0
AUD-001271,Animal Sound,train,Acceptable,5.0
AUD-001272,Animal Sound,train,Good,5.0
AUD-001273,Animal Sound,val,Acceptable,5.0
AUD-001274,Animal Sound,train,Good,5.0
AUD-001275,Animal Sound,test,Acceptable,5.0
AUD-001276,Animal Sound,train,Acceptable,5.0
AUD-001277,Animal Sound,val,Acceptable,5.0
AUD-001278,Animal Sound,train,Acceptable,5.0
AUD-001279,Animal Sound,train,Acceptable,5.0
AUD-001280,Animal Sound,train,Acceptable,5.0
AUD-001281,Animal Sound,train,Poor,5.0
AUD-001282,Animal Sound,train,Good,5.0
AUD-001283,Animal Sound,train,Good,5.0
AUD-001284,Animal Sound,train,Good,5.0
AUD-001285,Animal Sound,train,Acceptable,5.0
AUD-001286,Animal Sound,test,Good,5.0
AUD-001287,Animal Sound,train,Good,5.0
AUD-001288,Animal Sound,train,Good,5.0
AUD-001289,Animal Sound,val,Good,5.0
AUD-001290,Animal Sound,val,Good,5.0
AUD-001291,Animal Sound,train,Acceptable,5.0
AUD-001292,Animal Sound,train,Acceptable,5.0
AUD-001293,Animal Sound,val,Poor,5.0
AUD-001294,Animal Sound,train,Good,5.0
AUD-001295,Animal Sound,train,Good,5.0
AUD-001296,Animal Sound,train,Good,5.0
AUD-001297,Animal Sound,val,Good,5.0
AUD-001298,Animal Sound,test,Acceptable,5.0
AUD-001299,Animal Sound,train,Good,5.0
AUD-001300,Animal Sound,train,Good,5.0
AUD-001301,Animal Sound,train,Good,5.0
AUD-001302,Animal Sound,train,Good,5.0
AUD-001303,Animal Sound,train,Good,5.0
AUD-001304,Animal Sound,train,Acceptable,5.0
AUD-001305,Animal Sound,val,Good,5.0
AUD-001306,Animal Sound,train,Good,5.0
AUD-001307,Animal Sound,val,Good,5.0
AUD-001308,Animal Sound,train,Good,5.0
AUD-001309,Animal Sound,train,Good,5.0
AUD-001310,Animal Sound,train,Good,5.0
AUD-001311,Animal Sound,val,Good,5.0
AUD-001312,Animal Sound,val,Acceptable,5.0
AUD-001313,Animal Sound,train,Acceptable,5.0
AUD-001314,Animal Sound,train,Good,5.0
AUD-001315,Animal Sound,train,Good,5.0
AUD-001316,Animal Sound,test,Poor,5.0
AUD-001317,Animal Sound,train,Good,5.0
AUD-001318,Animal Sound,train,Good,5.0
AUD-001319,Animal Sound,test,Good,5.0
AUD-001320,Animal Sound,train,Good,5.0
AUD-001321,Animal Sound,train,Good,5.0
AUD-001322,Animal Sound,test,Good,5.0
AUD-001323,Animal Sound,train,Good,5.0
AUD-001324,Animal Sound,test,Good,5.0
AUD-001325,Animal Sound,train,Good,5.0
AUD-001326,Animal Sound,train,Good,5.0
AUD-001327,Animal Sound,train,Good,5.0
AUD-001328,Animal Sound,val,Good,5.0
AUD-001329,Animal Sound,train,Good,5.0
AUD-001330,Animal Sound,train,Good,5.0
AUD-001331,Animal Sound,test,Good,5.0
AUD-001332,Animal Sound,train,Good,5.0
AUD-001333,Animal Sound,train,Good,5.0
AUD-001334,Animal Sound,test,Good,5.0
AUD-001335,Animal Sound,test,Good,5.0
AUD-001336,Animal Sound,val,Acceptable,5.0
AUD-001337,Animal Sound,val,Acceptable,5.0
AUD-001338,Animal Sound,val,Acceptable,5.0
AUD-001339,Animal Sound,train,Acceptable,5.0
AUD-001340,Animal Sound,train,Acceptable,5.0
AUD-001341,Animal Sound,train,Good,5.0
AUD-001342,Animal Sound,test,Good,5.0
AUD-001343,Animal Sound,train,Good,5.0
AUD-001344,Animal Sound,train,Good,5.0
AUD-001345,Animal Sound,val,Good,5.0
AUD-001346,Animal Sound,test,Poor,5.0
AUD-001347,Animal Sound,train,Good,5.0
AUD-001348,Animal Sound,train,Acceptable,5.0
AUD-001349,Animal Sound,train,Good,5.0
AUD-001350,Animal Sound,test,Good,5.0
AUD-001351,Animal Sound,val,Poor,5.0
AUD-001352,Animal Sound,train,Acceptable,5.0
AUD-001353,Animal Sound,test,Acceptable,5.0
AUD-001354,Animal Sound,train,Acceptable,5.0
AUD-001355,Animal Sound,train,Acceptable,5.0
AUD-001356,Animal Sound,train,Good,5.0
AUD-001357,Animal Sound,train,Good,5.0
AUD-001358,Animal Sound,train,Acceptable,5.0
AUD-001359,Animal Sound,train,Acceptable,5.0
AUD-001360,Animal Sound,train,Good,5.0
AUD-001361,Animal Sound,train,Good,5.0
AUD-001362,Animal Sound,test,Good,5.0
AUD-001363,Animal Sound,train,Good,5.0
AUD-001364,Animal Sound,train,Good,5.0
AUD-001365,Animal Sound,test,Good,5.0
AUD-001366,Animal Sound,val,Good,5.0
AUD-001367,Animal Sound,train,Acceptable,5.0
AUD-001368,Animal Sound,train,Acceptable,5.0
AUD-001369,Animal Sound,train,Acceptable,5.0
AUD-001370,Animal Sound,train,Acceptable,5.0
AUD-001371,Animal Sound,train,Acceptable,5.0
AUD-001372,Animal Sound,train,Acceptable,5.0
AUD-001373,Animal Sound,train,Good,5.0
AUD-001374,Animal Sound,train,Good,5.0
AUD-001375,Animal Sound,train,Good,5.0
AUD-001376,Animal Sound,val,Good,5.0
AUD-001377,Animal Sound,train,Good,5.0
AUD-001378,Animal Sound,train,Good,5.0
AUD-001379,Animal Sound,test,Good,5.0
AUD-001380,Animal Sound,train,Good,5.0
AUD-001381,Animal Sound,test,Good,5.0
AUD-001382,Animal Sound,train,Good,5.0
AUD-001383,Animal Sound,train,Good,5.0
AUD-001384,Animal Sound,train,Good,5.0
AUD-001385,Animal Sound,test,Good,5.0
AUD-001386,Animal Sound,train,Good,5.0
AUD-001387,Animal Sound,train,Acceptable,5.0
AUD-001388,Animal Sound,train,Acceptable,5.0
AUD-001389,Animal Sound,train,Good,5.0
AUD-001390,Animal Sound,test,Acceptable,5.0
AUD-001391,Animal Sound,train,Acceptable,5.0
AUD-001392,Animal Sound,val,Good,5.0
AUD-001393,Animal Sound,val,Acceptable,5.0
AUD-001394,Animal Sound,train,Acceptable,5.0
AUD-001395,Animal Sound,test,Acceptable,5.0
AUD-001396,Animal Sound,train,Acceptable,5.0
AUD-001397,Animal Sound,train,Acceptable,5.0
AUD-001398,Animal Sound,train,Good,5.0
AUD-001399,Animal Sound,train,Good,5.0
AUD-001400,Animal Sound,train,Good,5.0
AUD-001401,Animal Sound,train,Good,5.0
AUD-001402,Animal Sound,val,Good,5.0
AUD-001403,Animal Sound,train,Good,5.0
AUD-001404,Animal Sound,train,Good,5.0
AUD-001405,Animal Sound,train,Good,5.0
AUD-001406,Animal Sound,train,Good,5.0
AUD-001407,Animal Sound,train,Good,5.0
AUD-001408,Animal Sound,val,Poor,5.0
AUD-001409,Animal Sound,train,Acceptable,5.0
AUD-001410,Animal Sound,val,Good,5.0
AUD-001411,Animal Sound,train,Acceptable,5.0
AUD-001412,Animal Sound,train,Good,5.0
AUD-001413,Animal Sound,train,Good,5.0
AUD-001414,Animal Sound,train,Good,5.0
AUD-001415,Animal Sound,train,Good,5.0
AUD-001416,Animal Sound,train,Acceptable,5.0
AUD-001417,Animal Sound,test,Good,4.0
AUD-001418,Animal Sound,val,Good,4.0
AUD-001419,Animal Sound,test,Good,4.0
AUD-001420,Animal Sound,train,Good,4.0
AUD-001421,Animal Sound,test,Good,4.0
AUD-001422,Animal Sound,train,Good,4.0
AUD-001423,Animal Sound,train,Good,3.1
AUD-001424,Animal Sound,train,Good,4.0
AUD-001425,Animal Sound,train,Good,4.0
AUD-001426,Animal Sound,val,Acceptable,4.0
AUD-001427,Animal Sound,train,Acceptable,4.0
AUD-001428,Animal Sound,train,Good,4.0
AUD-001429,Animal Sound,train,Good,1.08
AUD-001430,Animal Sound,train,Good,4.0
AUD-001431,Animal Sound,train,Good,4.0
AUD-001432,Animal Sound,train,Good,4.0
AUD-001433,Animal Sound,train,Good,4.0
AUD-001434,Animal Sound,train,Good,4.0
AUD-001435,Animal Sound,val,Acceptable,4.0
AUD-001436,Animal Sound,train,Good,4.0
AUD-001437,Animal Sound,train,Good,4.0
AUD-001438,Animal Sound,test,Good,4.0
AUD-001439,Animal Sound,train,Good,4.0
AUD-001440,Animal Sound,train,Good,4.0
AUD-001441,Animal Sound,val,Poor,4.0
AUD-001442,Animal Sound,train,Poor,4.0
AUD-001443,Animal Sound,train,Good,4.0
AUD-001444,Animal Sound,train,Good,4.0
AUD-001445,Animal Sound,train,Good,4.0
AUD-001446,Animal Sound,train,Good,4.0
AUD-001447,Animal Sound,train,Good,4.0
AUD-001448,Animal Sound,train,Good,0.676
AUD-001449,Animal Sound,train,Good,1.119
AUD-001450,Animal Sound,train,Good,4.0
AUD-001451,Animal Sound,test,Good,4.0
AUD-001452,Animal Sound,train,Good,4.0
AUD-001453,Animal Sound,val,Good,4.0
AUD-001454,Animal Sound,train,Good,4.0
AUD-001455,Animal Sound,train,Good,4.0
AUD-001456,Animal Sound,train,Good,4.0
AUD-001457,Animal Sound,test,Good,4.0
AUD-001458,Animal Sound,train,Good,4.0
AUD-001459,Animal Sound,test,Good,4.0
AUD-001460,Animal Sound,train,Good,1.259
AUD-001461,Animal Sound,train,Acceptable,4.0
AUD-001462,Animal Sound,val,Poor,4.0
AUD-001463,Animal Sound,test,Good,1.067
AUD-001464,Animal Sound,train,Acceptable,4.0
AUD-001465,Animal Sound,train,Poor,0.77
AUD-001466,Animal Sound,test,Good,2.13
AUD-001467,Animal Sound,train,Good,1.83
AUD-001468,Animal Sound,train,Good,0.75
AUD-001469,Animal Sound,train,Good,4.0
AUD-001470,Animal Sound,train,Good,4.0
AUD-001471,Animal Sound,train,Good,4.0
AUD-001472,Animal Sound,train,Good,4.0
AUD-001473,Animal Sound,train,Good,0.73
AUD-001474,Animal Sound,train,Good,1.2
AUD-001475,Animal Sound,test,Good,4.0
AUD-001476,Animal Sound,train,Good,4.0
AUD-001477,Animal Sound,train,Good,4.0
AUD-001478,Animal Sound,train,Good,4.0
AUD-001479,Animal Sound,train,Acceptable,4.0
AUD-001480,Animal Sound,train,Acceptable,4.0
AUD-001481,Animal Sound,train,Good,4.0
AUD-001482,Animal Sound,test,Good,4.0
AUD-001483,Animal Sound,train,Good,4.0
AUD-001484,Animal Sound,test,Good,4.0
AUD-001485,Animal Sound,train,Good,4.0
AUD-001486,Animal Sound,val,Poor,3.117
AUD-001487,Animal Sound,train,Good,4.0
AUD-001488,Animal Sound,train,Good,4.0
AUD-001489,Animal Sound,train,Good,4.0
AUD-001490,Animal Sound,val,Good,4.0
AUD-001491,Animal Sound,train,Good,4.0
AUD-001492,Animal Sound,train,Good,3.69
AUD-001493,Animal Sound,train,Good,4.0
AUD-001494,Animal Sound,train,Good,4.0
AUD-001495,Animal Sound,train,Good,1.14
AUD-001496,Animal Sound,train,Good,4.0
AUD-001497,Animal Sound,val,Good,4.0
AUD-001498,Animal Sound,train,Good,4.0
AUD-001499,Animal Sound,train,Good,4.0
AUD-001500,Animal Sound,train,Good,4.0
AUD-001501,Animal Sound,val,Good,4.0
AUD-001502,Animal Sound,train,Good,1.0
AUD-001503,Animal Sound,train,Good,4.0
AUD-001504,Animal Sound,train,Good,4.0
AUD-001505,Animal Sound,train,Good,4.0
AUD-001506,Animal Sound,train,Good,4.0
AUD-001507,Animal Sound,train,Good,4.0
AUD-001508,Animal Sound,train,Good,1.41
AUD-001509,Animal Sound,train,Good,2.378
AUD-001510,Animal Sound,train,Acceptable,1.18
AUD-001511,Animal Sound,train,Good,1.087
AUD-001512,Animal Sound,train,Good,1.859
AUD-001513,Animal Sound,train,Good,4.0
AUD-001514,Animal Sound,train,Good,4.0
AUD-001515,Animal Sound,train,Acceptable,1.035
AUD-001516,Animal Sound,train,Good,1.06
AUD-001517,Animal Sound,train,Good,1.35
AUD-001518,Animal Sound,train,Good,1.32
AUD-001519,Animal Sound,val,Acceptable,4.0
AUD-001520,Animal Sound,test,Good,3.509
AUD-001521,Animal Sound,train,Acceptable,1.989
AUD-001522,Animal Sound,test,Good,1.677
AUD-001523,Animal Sound,train,Acceptable,1.7
AUD-001524,Animal Sound,test,Good,2.648
AUD-001525,Animal Sound,train,Good,1.86
AUD-001526,Animal Sound,train,Good,4.0
AUD-001527,Animal Sound,test,Good,4.0
AUD-001528,Animal Sound,train,Good,0.597
AUD-001529,Animal Sound,val,Acceptable,4.0
AUD-001530,Animal Sound,train,Good,4.0
AUD-001531,Animal Sound,train,Good,4.0
AUD-001532,Animal Sound,val,Good,4.0
AUD-001533,Animal Sound,train,Acceptable,0.65
AUD-001534,Animal Sound,test,Good,0.94
AUD-001535,Animal Sound,train,Good,4.0
AUD-001536,Animal Sound,test,Good,4.0
AUD-001537,Animal Sound,train,Good,4.0
AUD-001538,Animal Sound,train,Good,4.0
AUD-001539,Animal Sound,train,Good,4.0
AUD-001540,Animal Sound,val,Good,4.0
AUD-001541,Animal Sound,val,Good,4.0
AUD-001542,Animal Sound,val,Good,4.0
AUD-001543,Animal Sound,train,Good,0.757
AUD-001544,Animal Sound,train,Acceptable,4.0
AUD-001545,Animal Sound,train,Acceptable,4.0
AUD-001546,Animal Sound,train,Acceptable,4.0
AUD-001547,Animal Sound,train,Acceptable,4.0
AUD-001548,Animal Sound,test,Acceptable,4.0
AUD-001549,Animal Sound,train,Poor,4.0
AUD-001550,Animal Sound,test,Good,4.0
AUD-001551,Animal Sound,train,Acceptable,4.0
AUD-001552,Animal Sound,train,Acceptable,4.0
AUD-001553,Animal Sound,val,Good,4.0
AUD-001554,Animal Sound,train,Good,4.0
AUD-001555,Animal Sound,train,Good,4.0
AUD-001556,Animal Sound,train,Good,4.0
AUD-001557,Animal Sound,train,Good,4.0
AUD-001558,Animal Sound,test,Good,4.0
AUD-001559,Animal Sound,val,Good,4.0
AUD-001560,Animal Sound,train,Good,4.0
AUD-001561,Animal Sound,train,Acceptable,4.0
AUD-001562,Animal Sound,test,Good,4.0
AUD-001563,Animal Sound,val,Good,4.0
AUD-001564,Animal Sound,val,Good,4.0
AUD-001565,Animal Sound,train,Good,4.0
AUD-001566,Animal Sound,val,Good,4.0
AUD-001567,Animal Sound,train,Poor,4.0
AUD-001568,Animal Sound,train,Good,4.0
AUD-001569,Animal Sound,train,Good,0.75
AUD-001570,Animal Sound,test,Good,0.75
AUD-001571,Animal Sound,train,Good,4.0
AUD-001572,Animal Sound,train,Good,4.0
AUD-001573,Animal Sound,train,Good,0.697
AUD-001574,Animal Sound,train,Good,4.0
AUD-001575,Animal Sound,test,Good,4.0
AUD-001576,Animal Sound,train,Good,4.0
AUD-001577,Animal Sound,train,Good,4.0
AUD-001578,Animal Sound,test,Good,4.0
AUD-001579,Animal Sound,test,Good,4.0
AUD-001580,Animal Sound,train,Poor,0.63
AUD-001581,Animal Sound,train,Good,4.0
AUD-001582,Animal Sound,train,Good,4.0
AUD-001583,Animal Sound,train,Good,4.0
AUD-001584,Animal Sound,train,Good,4.0
AUD-001585,Animal Sound,train,Good,0.76
AUD-001586,Animal Sound,train,Good,2.08
AUD-001587,Animal Sound,train,Good,4.0
AUD-001588,Animal Sound,train,Acceptable,0.55
AUD-001589,Animal Sound,test,Good,0.959
AUD-001590,Animal Sound,test,Good,4.0
AUD-001591,Animal Sound,train,Good,4.0
AUD-001592,Animal Sound,train,Good,4.0
AUD-001593,Animal Sound,train,Good,4.0
AUD-001594,Animal Sound,val,Good,4.0
AUD-001595,Animal Sound,train,Good,1.04
AUD-001596,Animal Sound,val,Good,4.0
AUD-001597,Animal Sound,train,Good,0.69
AUD-001598,Animal Sound,val,Good,1.939
AUD-001599,Animal Sound,train,Good,1.368
AUD-001600,Animal Sound,train,Good,1.248
AUD-001601,Animal Sound,test,Good,0.61
AUD-001602,Animal Sound,val,Good,0.736
AUD-001603,Animal Sound,train,Good,4.0
AUD-001604,Animal Sound,train,Acceptable,0.61
AUD-001605,Animal Sound,train,Good,0.627
AUD-001606,Animal Sound,train,Good,0.55
AUD-001607,Animal Sound,train,Good,0.588
AUD-001608,Animal Sound,train,Good,4.0
AUD-001609,Animal Sound,train,Good,4.0
AUD-001610,Animal Sound,train,Good,4.0
AUD-001611,Animal Sound,val,Good,4.0
AUD-001612,Animal Sound,train,Good,4.0
AUD-001613,Animal Sound,train,Good,4.0
AUD-001614,Animal Sound,train,Good,4.0
AUD-001615,Animal Sound,train,Good,4.0
AUD-001616,Animal Sound,train,Good,4.0
AUD-001617,Animal Sound,train,Good,1.16
AUD-001618,Animal Sound,train,Good,2.21
AUD-001619,Animal Sound,train,Good,2.178
AUD-001620,Animal Sound,test,Good,4.0
AUD-001621,Animal Sound,train,Good,4.0
AUD-001622,Animal Sound,val,Good,4.0
AUD-001623,Animal Sound,test,Good,4.0
AUD-001624,Animal Sound,train,Acceptable,1.008
AUD-001625,Animal Sound,train,Good,4.0
AUD-001626,Animal Sound,train,Good,4.0
AUD-001627,Animal Sound,train,Good,4.0
AUD-001628,Animal Sound,train,Good,4.0
AUD-001629,Animal Sound,val,Good,1.027
AUD-001630,Animal Sound,test,Good,4.0
AUD-001631,Animal Sound,train,Good,2.28
AUD-001632,Animal Sound,train,Good,0.7
AUD-001633,Animal Sound,train,Acceptable,2.769
AUD-001634,Animal Sound,test,Good,1.37
AUD-001635,Animal Sound,train,Good,1.695
AUD-001636,Animal Sound,train,Good,1.26
AUD-001637,Animal Sound,train,Good,4.0
AUD-001638,Animal Sound,val,Good,4.0
AUD-001639,Animal Sound,val,Good,4.0
AUD-001640,Animal Sound,test,Good,4.0
AUD-001641,Animal Sound,test,Acceptable,4.0
AUD-001642,Animal Sound,train,Good,1.41
AUD-001643,Animal Sound,train,Good,2.206
AUD-001644,Animal Sound,train,Good,1.61
AUD-001645,Animal Sound,train,Good,2.8
AUD-001646,Animal Sound,train,Poor,1.47
AUD-001647,Animal Sound,test,Good,3.66
AUD-001648,Animal Sound,train,Good,4.0
AUD-001649,Animal Sound,test,Good,4.0
AUD-001650,Animal Sound,val,Good,4.0
AUD-001651,Animal Sound,train,Good,4.0
AUD-001652,Animal Sound,train,Good,1.009
AUD-001653,Animal Sound,train,Good,0.607
AUD-001654,Animal Sound,train,Acceptable,1.29
AUD-001655,Animal Sound,test,Acceptable,1.84
AUD-001656,Animal Sound,train,Good,0.55
AUD-001657,Animal Sound,train,Good,3.189
AUD-001658,Animal Sound,train,Good,4.0
AUD-001659,Animal Sound,train,Good,0.92
AUD-001660,Animal Sound,train,Good,4.0
AUD-001661,Animal Sound,test,Good,2.77
AUD-001662,Animal Sound,val,Good,1.31
AUD-001663,Animal Sound,train,Good,4.0
AUD-001664,Animal Sound,train,Good,0.77
AUD-001665,Animal Sound,train,Good,0.539
AUD-001666,Animal Sound,train,Good,1.0
AUD-001667,Animal Sound,train,Good,4.0
AUD-001668,Animal Sound,train,Good,1.09
AUD-001669,Animal Sound,train,Good,4.0
AUD-001670,Animal Sound,train,Good,4.0
AUD-001671,Animal Sound,train,Good,4.0
AUD-001672,Animal Sound,train,Good,4.0
AUD-001673,Animal Sound,train,Good,4.0
AUD-001674,Animal Sound,train,Good,4.0
AUD-001675,Animal Sound,train,Acceptable,4.0
AUD-001676,Animal Sound,train,Good,4.0
AUD-001677,Animal Sound,train,Acceptable,4.0
AUD-001678,Animal Sound,train,Good,4.0
AUD-001679,Animal Sound,test,Acceptable,4.0
AUD-001680,Animal Sound,train,Good,4.0
AUD-001681,Animal Sound,train,Good,4.0
AUD-001682,Animal Sound,val,Good,4.0
AUD-001683,Animal Sound,val,Good,4.0
AUD-001684,Animal Sound,train,Good,3.907
AUD-001685,Animal Sound,train,Good,4.0
AUD-001686,Animal Sound,train,Acceptable,4.0
AUD-001687,Animal Sound,train,Good,0.885
AUD-001688,Animal Sound,test,Acceptable,4.0
AUD-001689,Animal Sound,test,Acceptable,4.0
AUD-001690,Animal Sound,train,Good,4.0
AUD-001691,Animal Sound,train,Good,4.0
AUD-001692,Animal Sound,train,Good,4.0
AUD-001693,Animal Sound,test,Good,1.216
AUD-001694,Animal Sound,train,Good,4.0
AUD-001695,Animal Sound,train,Good,4.0
AUD-001696,Animal Sound,train,Good,4.0
AUD-001697,Animal Sound,train,Good,4.0
AUD-001698,Animal Sound,val,Good,4.0
AUD-001699,Animal Sound,val,Good,4.0
AUD-001700,Animal Sound,val,Acceptable,4.0
AUD-001701,Animal Sound,test,Acceptable,4.0
AUD-001702,Animal Sound,train,Good,4.0
AUD-001703,Animal Sound,val,Good,4.0
AUD-001704,Animal Sound,train,Good,4.0
AUD-001705,Animal Sound,train,Good,4.0
AUD-001706,Animal Sound,train,Good,4.0
AUD-001707,Animal Sound,train,Acceptable,4.0
AUD-001708,Animal Sound,train,Acceptable,4.0
AUD-001709,Animal Sound,test,Good,4.0
AUD-001710,Animal Sound,train,Acceptable,4.0
AUD-001711,Animal Sound,train,Good,4.0
AUD-001712,Animal Sound,val,Good,0.516
AUD-001713,Animal Sound,train,Good,4.0
AUD-001714,Animal Sound,val,Good,4.0
AUD-001715,Animal Sound,test,Acceptable,4.0
AUD-001716,Animal Sound,train,Acceptable,4.0
AUD-001717,Animal Sound,train,Acceptable,4.0
AUD-001718,Animal Sound,train,Good,2.14
AUD-001719,Animal Sound,train,Good,2.55
AUD-001720,Animal Sound,val,Good,2.24
AUD-001721,Animal Sound,train,Good,1.086
AUD-001722,Animal Sound,test,Good,4.0
AUD-001723,Animal Sound,train,Good,4.0
AUD-001724,Animal Sound,train,Good,4.0
AUD-001725,Animal Sound,train,Good,3.04
AUD-001726,Animal Sound,train,Good,4.0
AUD-001727,Animal Sound,val,Good,4.0
AUD-001728,Animal Sound,train,Good,4.0
AUD-001729,Animal Sound,test,Good,4.0
AUD-001730,Animal Sound,train,Good,4.0
AUD-001731,Animal Sound,train,Good,4.0
AUD-001732,Animal Sound,val,Good,2.1
AUD-001733,Animal Sound,train,Good,4.0
AUD-001734,Animal Sound,train,Good,4.0
AUD-001735,Animal Sound,val,Good,4.0
AUD-001736,Animal Sound,train,Good,4.0
AUD-001737,Animal Sound,train,Good,4.0
AUD-001738,Animal Sound,train,Good,4.0
AUD-001739,Animal Sound,train,Good,4.0
AUD-001740,Animal Sound,train,Good,4.0
AUD-001741,Animal Sound,train,Good,4.0
AUD-001742,Animal Sound,train,Acceptable,1.41
AUD-001743,Animal Sound,train,Good,4.0
AUD-001744,Animal Sound,test,Good,4.0
AUD-001745,Animal Sound,train,Good,4.0
AUD-001746,Animal Sound,train,Good,4.0
AUD-001747,Animal Sound,train,Good,4.0
AUD-001748,Animal Sound,train,Good,4.0
AUD-001749,Animal Sound,train,Good,4.0
AUD-001750,Animal Sound,val,Good,4.0
AUD-001751,Animal Sound,train,Good,4.0
AUD-001752,Animal Sound,train,Good,4.0
AUD-001753,Animal Sound,val,Good,4.0
AUD-001754,Animal Sound,test,Good,4.0
AUD-001755,Animal Sound,test,Good,4.0
AUD-001756,Animal Sound,train,Good,4.0
AUD-001757,Animal Sound,train,Good,4.0
AUD-001758,Animal Sound,train,Acceptable,1.35
AUD-001759,Animal Sound,test,Good,2.926
AUD-001760,Animal Sound,train,Poor,4.0
AUD-001761,Animal Sound,test,Poor,4.0
AUD-001762,Animal Sound,train,Good,4.0
AUD-001763,Animal Sound,train,Good,4.0
AUD-001764,Animal Sound,train,Good,4.0
AUD-001765,Animal Sound,train,Good,4.0
AUD-001766,Animal Sound,train,Good,2.5
AUD-001767,Animal Sound,train,Good,4.0
AUD-001768,Animal Sound,train,Good,1.906
AUD-001769,Animal Sound,train,Poor,4.0
AUD-001770,Animal Sound,train,Acceptable,4.0
AUD-001771,Animal Sound,train,Acceptable,4.0
AUD-001772,Animal Sound,train,Good,1.358
AUD-001773,Animal Sound,train,Poor,3.48
AUD-001774,Animal Sound,val,Acceptable,1.8
AUD-001775,Animal Sound,train,Good,2.06
AUD-001776,Animal Sound,train,Good,1.89
AUD-001777,Animal Sound,test,Good,1.32
AUD-001778,Animal Sound,test,Good,2.298
AUD-001779,Animal Sound,train,Good,0.62
AUD-001780,Animal Sound,test,Poor,4.0
AUD-001781,Animal Sound,train,Poor,4.0
AUD-001782,Animal Sound,train,Poor,4.0
AUD-001783,Animal Sound,train,Good,4.0
AUD-001784,Animal Sound,test,Good,4.0
AUD-001785,Animal Sound,train,Good,4.0
AUD-001786,Animal Sound,val,Good,4.0
AUD-001787,Animal Sound,val,Good,4.0
AUD-001788,Animal Sound,train,Good,4.0
AUD-001789,Animal Sound,test,Good,1.149
AUD-001790,Animal Sound,train,Good,0.61
AUD-001791,Gunshot,test,Good,2.0
AUD-001792,Gunshot,train,Good,2.0
AUD-001793,Gunshot,train,Good,2.0
AUD-001794,Gunshot,train,Good,2.0
AUD-001795,Gunshot,train,Good,2.0
AUD-001796,Gunshot,train,Good,2.0
AUD-001797,Gunshot,train,Good,2.0
AUD-001798,Gunshot,test,Good,2.0
AUD-001799,Gunshot,train,Good,2.0
AUD-001800,Gunshot,train,Good,2.0
AUD-001801,Gunshot,train,Good,2.0
AUD-001802,Gunshot,train,Good,2.0
AUD-001803,Gunshot,train,Good,2.0
AUD-001804,Gunshot,train,Good,2.0
AUD-001805,Gunshot,train,Good,2.0
AUD-001806,Gunshot,val,Good,2.0
AUD-001807,Gunshot,train,Good,2.0
AUD-001808,Gunshot,train,Good,2.0
AUD-001809,Gunshot,train,Good,2.0
AUD-001810,Gunshot,train,Good,2.0
AUD-001811,Gunshot,train,Good,2.0
AUD-001812,Gunshot,test,Good,2.0
AUD-001813,Gunshot,train,Good,2.0
AUD-001814,Gunshot,train,Poor,360.0
AUD-001815,Gunshot,train,Good,2.0
AUD-001816,Gunshot,val,Good,2.0
AUD-001817,Gunshot,train,Good,2.0
AUD-001818,Gunshot,val,Good,2.0
AUD-001819,Gunshot,train,Good,1.0
AUD-001820,Gunshot,train,Poor,320.0
AUD-001821,Gunshot,train,Good,1.0
AUD-001822,Gunshot,val,Good,1.0
AUD-001823,Gunshot,train,Good,1.0
AUD-001824,Gunshot,train,Good,2.0
AUD-001825,Gunshot,train,Good,1.0
AUD-001826,Gunshot,train,Good,1.0
AUD-001827,Gunshot,train,Good,1.0
AUD-001828,Gunshot,train,Good,1.0
AUD-001829,Gunshot,train,Good,1.0
AUD-001830,Gunshot,test,Good,1.0
AUD-001831,Gunshot,val,Good,1.0
AUD-001832,Gunshot,train,Good,1.0
AUD-001833,Gunshot,val,Good,1.0
AUD-001834,Gunshot,test,Good,2.0
AUD-001835,Gunshot,train,Good,2.0
AUD-001836,Gunshot,train,Good,2.0
AUD-001837,Gunshot,val,Good,2.0
AUD-001838,Gunshot,train,Good,2.0
AUD-001839,Gunshot,train,Acceptable,2.0
AUD-001840,Gunshot,train,Acceptable,2.0
AUD-001841,Gunshot,train,Good,2.0
AUD-001842,Gunshot,train,Good,2.0
AUD-001843,Gunshot,train,Good,2.0
AUD-001844,Gunshot,train,Good,2.0
AUD-001845,Gunshot,train,Good,2.0
AUD-001846,Gunshot,train,Good,2.0
AUD-001847,Gunshot,test,Good,2.0
AUD-001848,Gunshot,test,Good,4.0
AUD-001849,Gunshot,train,Good,2.0
AUD-001850,Gunshot,train,Good,2.0
AUD-001851,Gunshot,train,Good,2.0
AUD-001852,Gunshot,train,Good,2.0
AUD-001853,Gunshot,val,Good,2.0
AUD-001854,Gunshot,train,Good,2.0
AUD-001855,Gunshot,train,Good,2.0
AUD-001856,Gunshot,val,Good,2.0
AUD-001857,Gunshot,train,Good,2.0
AUD-001858,Gunshot,val,Good,2.0
AUD-001859,Gunshot,train,Poor,2.0
AUD-001860,Gunshot,train,Acceptable,2.0
AUD-001861,Gunshot,train,Acceptable,2.0
AUD-001862,Gunshot,val,Acceptable,2.0
AUD-001863,Gunshot,val,Good,2.0
AUD-001864,Gunshot,train,Good,2.0
AUD-001865,Gunshot,val,Good,2.0
AUD-001866,Gunshot,train,Good,2.0
AUD-001867,Gunshot,train,Good,2.0
AUD-001868,Gunshot,train,Good,2.0
AUD-001869,Gunshot,val,Good,2.0
AUD-001870,Gunshot,train,Good,2.0
AUD-001871,Gunshot,train,Good,2.0
AUD-001872,Gunshot,train,Good,2.0
AUD-001873,Gunshot,val,Good,2.0
AUD-001874,Gunshot,train,Good,2.0
AUD-001875,Gunshot,train,Good,2.0
AUD-001876,Gunshot,test,Good,2.0
AUD-001877,Gunshot,train,Good,2.0
AUD-001878,Gunshot,train,Good,2.0
AUD-001879,Gunshot,test,Good,2.0
AUD-001880,Gunshot,train,Acceptable,2.0
AUD-001881,Gunshot,train,Good,2.0
AUD-001882,Gunshot,train,Good,2.0
AUD-001883,Gunshot,train,Good,2.0
AUD-001884,Gunshot,train,Good,2.0
AUD-001885,Gunshot,train,Good,2.0
AUD-001886,Gunshot,train,Good,2.0
AUD-001887,Gunshot,val,Good,2.0
AUD-001888,Gunshot,test,Good,2.0
AUD-001889,Gunshot,train,Good,2.0
AUD-001890,Gunshot,train,Good,2.0
AUD-001891,Gunshot,train,Good,2.0
AUD-001892,Gunshot,test,Good,2.0
AUD-001893,Gunshot,train,Good,2.0
AUD-001894,Gunshot,test,Good,2.0
AUD-001895,Gunshot,train,Good,2.0
AUD-001896,Gunshot,train,Good,2.0
AUD-001897,Gunshot,train,Good,2.0
AUD-001898,Gunshot,train,Good,2.0
AUD-001899,Gunshot,test,Good,2.0
AUD-001900,Gunshot,train,Good,2.0
AUD-001901,Gunshot,train,Good,2.0
AUD-001902,Gunshot,val,Good,2.0
AUD-001903,Gunshot,train,Good,2.0
AUD-001904,Gunshot,train,Good,2.0
AUD-001905,Gunshot,test,Good,2.0
AUD-001906,Gunshot,train,Good,2.0
AUD-001907,Gunshot,train,Good,2.0
AUD-001908,Gunshot,train,Good,2.0
AUD-001909,Gunshot,train,Good,2.0
AUD-001910,Gunshot,val,Good,2.0
AUD-001911,Gunshot,train,Good,2.0
AUD-001912,Gunshot,train,Good,2.0
AUD-001913,Gunshot,train,Good,2.0
AUD-001914,Gunshot,test,Good,2.0
AUD-001915,Gunshot,train,Good,2.0
AUD-001916,Gunshot,train,Good,2.0
AUD-001917,Gunshot,train,Good,2.0
AUD-001918,Gunshot,train,Acceptable,2.0
AUD-001919,Gunshot,val,Good,2.0
AUD-001920,Gunshot,train,Good,2.0
AUD-001921,Gunshot,test,Good,2.0
AUD-001922,Gunshot,train,Good,2.0
AUD-001923,Gunshot,train,Acceptable,2.0
AUD-001924,Gunshot,train,Good,2.0
AUD-001925,Gunshot,train,Good,2.0
AUD-001926,Gunshot,train,Good,2.0
AUD-001927,Gunshot,train,Good,2.0
AUD-001928,Gunshot,train,Good,2.0
AUD-001929,Gunshot,train,Good,2.0
AUD-001930,Gunshot,train,Good,2.0
AUD-001931,Gunshot,train,Good,2.0
AUD-001932,Gunshot,val,Good,2.0
AUD-001933,Gunshot,val,Good,2.0
AUD-001934,Gunshot,test,Good,2.0
AUD-001935,Gunshot,train,Good,2.0
AUD-001936,Gunshot,train,Good,2.0
AUD-001937,Gunshot,train,Good,2.0
AUD-001938,Gunshot,train,Good,2.0
AUD-001939,Gunshot,train,Good,2.0
AUD-001940,Gunshot,train,Good,2.0
AUD-001941,Gunshot,train,Good,2.0
AUD-001942,Gunshot,train,Good,2.0
AUD-001943,Gunshot,train,Good,2.0
AUD-001944,Gunshot,val,Good,2.0
AUD-001945,Gunshot,train,Good,2.0
AUD-001946,Gunshot,test,Acceptable,2.0
AUD-001947,Gunshot,train,Good,2.0
AUD-001948,Gunshot,train,Good,2.0
AUD-001949,Gunshot,train,Good,2.0
AUD-001950,Gunshot,train,Good,2.0
AUD-001951,Gunshot,test,Good,2.0
AUD-001952,Gunshot,val,Good,2.0
AUD-001953,Gunshot,train,Good,2.0
AUD-001954,Gunshot,test,Good,2.0
AUD-001955,Gunshot,train,Good,2.0
AUD-001956,Gunshot,train,Good,2.0
AUD-001957,Gunshot,train,Good,2.0
AUD-001958,Gunshot,train,Good,2.0
AUD-001959,Gunshot,train,Good,2.0
AUD-001960,Gunshot,train,Good,2.0
AUD-001961,Gunshot,train,Good,2.0
AUD-001962,Gunshot,train,Good,2.0
AUD-001963,Gunshot,test,Good,2.0
AUD-001964,Gunshot,train,Good,2.0
AUD-001965,Gunshot,train,Good,2.0
AUD-001966,Gunshot,test,Good,2.0
AUD-001967,Gunshot,val,Good,2.0
AUD-001968,Gunshot,val,Good,2.0
AUD-001969,Gunshot,train,Good,2.0
AUD-001970,Gunshot,train,Good,2.0
AUD-001971,Gunshot,train,Good,2.0
AUD-001972,Gunshot,train,Good,2.0
AUD-001973,Gunshot,train,Acceptable,2.0
AUD-001974,Gunshot,train,Good,2.0
AUD-001975,Gunshot,train,Good,2.0
AUD-001976,Gunshot,train,Good,2.0
AUD-001977,Gunshot,train,Acceptable,2.0
AUD-001978,Gunshot,train,Good,2.0
AUD-001979,Gunshot,train,Good,2.0
AUD-001980,Gunshot,test,Good,2.0
AUD-001981,Gunshot,test,Good,2.0
AUD-001982,Gunshot,train,Good,2.0
AUD-001983,Gunshot,train,Good,2.0
AUD-001984,Gunshot,train,Good,2.0
AUD-001985,Gunshot,train,Good,2.0
AUD-001986,Gunshot,val,Good,2.0
AUD-001987,Gunshot,train,Good,2.0
AUD-001988,Gunshot,test,Good,2.0
AUD-001989,Gunshot,train,Good,2.0
AUD-001990,Gunshot,train,Good,2.0
AUD-001991,Gunshot,test,Good,2.0
AUD-001992,Gunshot,train,Good,2.0
AUD-001993,Gunshot,train,Good,2.0
AUD-001994,Gunshot,train,Good,2.0
AUD-001995,Gunshot,train,Good,2.0
AUD-001996,Gunshot,train,Good,2.0
AUD-001997,Gunshot,test,Good,2.0
AUD-001998,Gunshot,train,Good,2.0
AUD-001999,Gunshot,train,Good,2.0
AUD-002000,Gunshot,val,Good,2.0
AUD-002001,Gunshot,test,Good,2.0
AUD-002002,Gunshot,train,Good,2.0
AUD-002003,Gunshot,val,Good,2.0
AUD-002004,Gunshot,test,Good,2.0
AUD-002005,Gunshot,train,Good,2.0
AUD-002006,Gunshot,train,Good,2.0
AUD-002007,Gunshot,train,Good,2.0
AUD-002008,Gunshot,val,Good,2.0
AUD-002009,Gunshot,test,Good,2.0
AUD-002010,Gunshot,val,Good,2.0
AUD-002011,Gunshot,train,Good,2.0
AUD-002012,Gunshot,train,Good,2.0
AUD-002013,Gunshot,train,Good,2.0
AUD-002014,Gunshot,train,Good,2.0
AUD-002015,Gunshot,train,Good,2.0
AUD-002016,Gunshot,val,Good,2.0
AUD-002017,Gunshot,val,Good,2.0
AUD-002018,Gunshot,train,Good,2.0
AUD-002019,Gunshot,train,Good,2.0
AUD-002020,Gunshot,train,Good,2.0
AUD-002021,Gunshot,train,Good,2.0
AUD-002022,Gunshot,train,Good,2.0
AUD-002023,Gunshot,train,Good,2.0
AUD-002024,Gunshot,train,Good,2.0
AUD-002025,Gunshot,train,Good,2.0
AUD-002026,Gunshot,train,Good,2.0
AUD-002027,Gunshot,train,Acceptable,2.0
AUD-002028,Gunshot,test,Good,2.0
AUD-002029,Gunshot,train,Good,2.0
AUD-002030,Gunshot,train,Good,2.0
AUD-002031,Gunshot,train,Good,2.0
AUD-002032,Gunshot,train,Good,2.0
AUD-002033,Gunshot,val,Good,2.0
AUD-002034,Gunshot,train,Good,2.0
AUD-002035,Gunshot,train,Good,2.0
AUD-002036,Gunshot,train,Good,2.0
AUD-002037,Gunshot,val,Good,2.0
AUD-002038,Gunshot,test,Good,2.0
AUD-002039,Gunshot,train,Good,2.0
AUD-002040,Gunshot,train,Good,2.0
AUD-002041,Gunshot,val,Good,2.0
AUD-002042,Gunshot,train,Good,2.0
AUD-002043,Gunshot,train,Acceptable,2.0
AUD-002044,Gunshot,test,Acceptable,2.0
AUD-002045,Gunshot,train,Good,2.0
AUD-002046,Gunshot,train,Good,2.0
AUD-002047,Gunshot,train,Acceptable,2.0
AUD-002048,Gunshot,train,Acceptable,2.0
AUD-002049,Gunshot,test,Good,2.0
AUD-002050,Gunshot,val,Good,2.0
AUD-002051,Gunshot,train,Good,2.0
AUD-002052,Gunshot,train,Good,2.0
AUD-002053,Gunshot,train,Good,2.0
AUD-002054,Gunshot,train,Good,2.0
AUD-002055,Gunshot,test,Good,2.0
AUD-002056,Gunshot,train,Good,2.0
AUD-002057,Gunshot,train,Acceptable,2.0
AUD-002058,Gunshot,val,Poor,2.0
AUD-002059,Gunshot,val,Poor,2.0
AUD-002060,Gunshot,test,Poor,2.0
AUD-002061,Gunshot,train,Poor,2.0
AUD-002062,Gunshot,test,Poor,2.0
AUD-002063,Gunshot,test,Good,2.0
AUD-002064,Gunshot,train,Good,2.0
AUD-002065,Gunshot,test,Good,2.0
AUD-002066,Gunshot,train,Good,2.0
AUD-002067,Gunshot,test,Good,2.0
AUD-002068,Gunshot,train,Good,2.0
AUD-002069,Gunshot,test,Good,2.0
AUD-002070,Gunshot,train,Good,2.0
AUD-002071,Gunshot,val,Good,2.0
AUD-002072,Gunshot,train,Good,2.0
AUD-002073,Gunshot,val,Good,2.0
AUD-002074,Gunshot,test,Good,2.0
AUD-002075,Gunshot,train,Good,2.0
AUD-002076,Gunshot,test,Good,2.0
AUD-002077,Gunshot,train,Good,2.0
AUD-002078,Gunshot,train,Good,2.0
AUD-002079,Gunshot,val,Good,2.0
AUD-002080,Gunshot,train,Good,2.0
AUD-002081,Gunshot,train,Good,2.0
AUD-002082,Gunshot,train,Good,2.0
AUD-002083,Gunshot,train,Good,2.0
AUD-002084,Gunshot,val,Good,2.0
AUD-002085,Gunshot,train,Good,2.0
AUD-002086,Gunshot,train,Good,2.0
AUD-002087,Gunshot,val,Good,2.0
AUD-002088,Gunshot,train,Good,2.0
AUD-002089,Gunshot,train,Good,2.0
AUD-002090,Gunshot,train,Good,2.0
AUD-002091,Gunshot,train,Good,2.0
AUD-002092,Gunshot,val,Good,2.0
AUD-002093,Gunshot,train,Good,2.0
AUD-002094,Gunshot,train,Good,2.0
AUD-002095,Gunshot,train,Good,2.0
AUD-002096,Gunshot,train,Good,2.0
AUD-002097,Gunshot,test,Good,2.0
AUD-002098,Gunshot,train,Good,2.0
AUD-002099,Gunshot,train,Good,2.0
AUD-002100,Gunshot,train,Good,2.0
AUD-002101,Gunshot,train,Good,2.0
AUD-002102,Gunshot,train,Good,2.0
AUD-002103,Gunshot,val,Good,2.0
AUD-002104,Gunshot,test,Good,2.0
AUD-002105,Gunshot,train,Good,2.0
AUD-002106,Gunshot,train,Acceptable,2.0
AUD-002107,Gunshot,train,Good,2.0
AUD-002108,Gunshot,train,Good,2.0
AUD-002109,Gunshot,train,Good,2.0
AUD-002110,Gunshot,test,Good,2.0
AUD-002111,Gunshot,train,Good,2.0
AUD-002112,Gunshot,train,Acceptable,2.0
AUD-002113,Gunshot,train,Good,2.0
AUD-002114,Gunshot,train,Good,2.0
AUD-002115,Gunshot,train,Good,2.0
AUD-002116,Gunshot,train,Good,2.0
AUD-002117,Gunshot,val,Good,2.0
AUD-002118,Gunshot,train,Good,2.0
AUD-002119,Gunshot,train,Good,2.0
AUD-002120,Gunshot,train,Good,2.0
AUD-002121,Gunshot,train,Good,2.0
AUD-002122,Gunshot,train,Good,2.0
AUD-002123,Gunshot,train,Good,2.0
AUD-002124,Gunshot,train,Good,2.0
AUD-002125,Gunshot,train,Good,2.0
AUD-002126,Gunshot,train,Good,2.0
AUD-002127,Gunshot,train,Good,2.0
AUD-002128,Gunshot,test,Good,2.0
AUD-002129,Gunshot,train,Good,1.0
AUD-002130,Gunshot,train,Good,1.0
AUD-002131,Gunshot,train,Good,1.0
AUD-002132,Gunshot,train,Good,1.0
AUD-002133,Gunshot,train,Good,1.0
AUD-002134,Gunshot,val,Good,1.0
AUD-002135,Gunshot,train,Good,1.0
AUD-002136,Gunshot,train,Good,1.0
AUD-002137,Gunshot,train,Good,1.0
AUD-002138,Gunshot,train,Good,1.0
AUD-002139,Gunshot,train,Good,1.0
AUD-002140,Gunshot,train,Good,1.0
AUD-002141,Gunshot,train,Good,1.0
AUD-002142,Gunshot,train,Good,1.0
AUD-002143,Gunshot,test,Good,1.0
AUD-002144,Gunshot,val,Good,1.0
AUD-002145,Gunshot,train,Good,1.0
AUD-002146,Gunshot,train,Good,1.0
AUD-002147,Gunshot,train,Good,1.0
AUD-002148,Gunshot,train,Good,1.0
AUD-002149,Gunshot,train,Good,1.0
AUD-002150,Gunshot,train,Good,1.0
AUD-002151,Gunshot,train,Good,1.0
AUD-002152,Gunshot,train,Good,1.0
AUD-002153,Gunshot,train,Good,1.0
AUD-002154,Gunshot,val,Good,1.0
AUD-002155,Gunshot,train,Good,1.0
AUD-002156,Gunshot,test,Good,1.0
AUD-002157,Gunshot,train,Good,2.0
AUD-002158,Gunshot,train,Good,1.0
AUD-002159,Gunshot,train,Good,1.0
AUD-002160,Gunshot,train,Good,1.0
AUD-002161,Gunshot,train,Good,1.0
AUD-002162,Gunshot,val,Good,1.0
AUD-002163,Gunshot,train,Good,1.0
AUD-002164,Gunshot,train,Good,1.0
AUD-002165,Gunshot,val,Good,1.0
AUD-002166,Gunshot,test,Good,1.0
AUD-002167,Gunshot,test,Good,2.0
AUD-002168,Gunshot,train,Good,2.0
AUD-002169,Gunshot,test,Good,1.0
AUD-002170,Gunshot,train,Good,2.0
AUD-002171,Gunshot,val,Good,2.0
AUD-002172,Gunshot,test,Good,1.0
AUD-002173,Gunshot,test,Good,2.61
AUD-002174,Gunshot,train,Acceptable,1.15
AUD-002175,Gunshot,train,Good,1.5
AUD-002176,Gunshot,test,Acceptable,1.31
AUD-002177,Gunshot,test,Good,3.146
AUD-002178,Gunshot,train,Good,1.9
AUD-002179,Gunshot,train,Good,1.408
AUD-002180,Gunshot,train,Good,1.95
AUD-002181,Gunshot,test,Good,1.769
AUD-002182,Gunshot,train,Acceptable,1.475
AUD-002183,Gunshot,test,Good,1.45
AUD-002184,Gunshot,train,Good,2.61
AUD-002185,Gunshot,val,Good,2.39
AUD-002186,Gunshot,train,Good,2.68
AUD-002187,Gunshot,train,Acceptable,0.556
AUD-002188,Gunshot,test,Acceptable,2.588
AUD-002189,Gunshot,train,Acceptable,1.52
AUD-002190,Gunshot,train,Acceptable,1.79
AUD-002191,Gunshot,val,Acceptable,2.298
AUD-002192,Gunshot,train,Good,2.2
AUD-002193,Gunshot,train,Good,2.056
AUD-002194,Gunshot,train,Acceptable,1.86
AUD-002195,Gunshot,train,Good,1.98
AUD-002196,Gunshot,train,Good,1.28
AUD-002197,Gunshot,val,Good,3.23
AUD-002198,Gunshot,train,Good,0.85
AUD-002199,Gunshot,train,Good,1.89
AUD-002200,Gunshot,train,Good,1.95
AUD-002201,Gunshot,train,Good,1.707
AUD-002202,Gunshot,train,Good,4.0
AUD-002203,Gunshot,train,Good,4.0
AUD-002204,Gunshot,train,Good,4.0
AUD-002205,Gunshot,train,Good,4.0
AUD-002206,Gunshot,train,Good,4.0
AUD-002207,Gunshot,test,Good,4.0
AUD-002208,Gunshot,train,Good,4.0
AUD-002209,Gunshot,train,Good,4.0
AUD-002210,Gunshot,train,Good,4.0
AUD-002211,Gunshot,train,Good,4.0
AUD-002212,Gunshot,train,Good,4.0
AUD-002213,Gunshot,val,Good,2.13
AUD-002214,Gunshot,val,Good,1.28
AUD-002215,Gunshot,test,Good,2.19
AUD-002216,Gunshot,test,Good,2.256
AUD-002217,Gunshot,test,Good,2.439
AUD-002218,Gunshot,train,Good,2.378
AUD-002219,Gunshot,train,Good,1.829
AUD-002220,Gunshot,train,Good,2.07
AUD-002221,Gunshot,train,Good,2.45
AUD-002222,Gunshot,train,Good,2.175
AUD-002223,Gunshot,train,Good,2.119
AUD-002224,Gunshot,val,Good,1.84
AUD-002225,Gunshot,val,Good,2.34
AUD-002226,Gunshot,val,Good,4.0
AUD-002227,Gunshot,test,Good,2.84
AUD-002228,Gunshot,train,Good,4.0
AUD-002229,Gunshot,train,Good,4.0
AUD-002230,Gunshot,train,Good,4.0
AUD-002231,Gunshot,train,Good,2.23
AUD-002232,Gunshot,val,Good,2.008
AUD-002233,Gunshot,val,Good,1.617
AUD-002234,Gunshot,train,Good,1.28
AUD-002235,Gunshot,val,Acceptable,1.227
AUD-002236,Gunshot,train,Acceptable,2.328
AUD-002237,Gunshot,test,Acceptable,2.38
AUD-002238,Gunshot,train,Acceptable,0.94
AUD-002239,Gunshot,train,Acceptable,1.05
AUD-002240,Gunshot,test,Acceptable,1.16
AUD-002241,Gunshot,train,Good,0.998
AUD-002242,Gunshot,train,Acceptable,1.219
AUD-002243,Gunshot,train,Acceptable,1.44
AUD-002244,Gunshot,test,Good,1.607
AUD-002245,Gunshot,train,Good,1.829
AUD-002246,Gunshot,train,Acceptable,1.718
AUD-002247,Gunshot,val,Acceptable,1.77
AUD-002248,Gunshot,train,Acceptable,1.496
AUD-002249,Gunshot,train,Acceptable,1.219
AUD-002250,Gunshot,val,Acceptable,1.66
AUD-002251,Gunshot,train,Acceptable,1.496
AUD-002252,Gunshot,train,Good,1.33
AUD-002253,Gunshot,train,Acceptable,0.665
AUD-002254,Gunshot,train,Acceptable,1.44
AUD-002255,Gunshot,val,Good,3.35
AUD-002256,Gunshot,train,Good,3.68
AUD-002257,Gunshot,train,Good,3.25
AUD-002258,Gunshot,test,Good,2.947
AUD-002259,Gunshot,train,Good,1.956
AUD-002260,Gunshot,train,Good,2.36
AUD-002261,Gunshot,train,Good,1.93
AUD-002262,Gunshot,train,Good,2.617
AUD-002263,Gunshot,train,Good,1.55
AUD-002264,Gunshot,train,Good,2.03
AUD-002265,Gunshot,train,Good,1.24
AUD-002266,Gunshot,val,Good,1.47
AUD-002267,Gunshot,val,Good,0.95
AUD-002268,Gunshot,train,Good,1.22
AUD-002269,Gunshot,train,Good,0.967
AUD-002270,Gunshot,train,Acceptable,0.75
AUD-002271,Gunshot,train,Acceptable,1.009
AUD-002272,Gunshot,train,Acceptable,1.03
AUD-002273,Gunshot,val,Acceptable,0.958
AUD-002274,Gunshot,train,Acceptable,0.907
AUD-002275,Gunshot,test,Acceptable,1.266
AUD-002276,Gunshot,val,Acceptable,1.087
AUD-002277,Gunshot,train,Acceptable,1.157
AUD-002278,Gunshot,train,Acceptable,1.175
AUD-002279,Gunshot,train,Acceptable,1.1
AUD-002280,Gunshot,test,Acceptable,1.119
AUD-002281,Gunshot,train,Acceptable,1.06
AUD-002282,Gunshot,train,Acceptable,0.975
AUD-002283,Gunshot,train,Acceptable,0.797
AUD-002284,Gunshot,test,Acceptable,0.91
AUD-002285,Gunshot,train,Acceptable,1.126
AUD-002286,Gunshot,train,Acceptable,1.23
AUD-002287,Gunshot,train,Acceptable,1.38
AUD-002288,Gunshot,train,Acceptable,0.92
AUD-002289,Gunshot,train,Acceptable,0.98
AUD-002290,Gunshot,train,Acceptable,0.98
AUD-002291,Gunshot,test,Acceptable,0.5
AUD-002292,Gunshot,train,Good,1.29
AUD-002293,Gunshot,train,Good,1.02
AUD-002294,Gunshot,test,Good,0.95
AUD-002295,Gunshot,train,Good,0.786
AUD-002296,Gunshot,test,Good,0.77
AUD-002297,Gunshot,val,Good,1.018
AUD-002298,Gunshot,val,Good,0.54
AUD-002299,Gunshot,train,Good,1.148
AUD-002300,Gunshot,train,Good,1.09
AUD-002301,Gunshot,train,Good,1.478
AUD-002302,Gunshot,train,Good,1.88
AUD-002303,Gunshot,train,Acceptable,0.66
AUD-002304,Gunshot,val,Good,0.819
AUD-002305,Gunshot,train,Good,0.94
AUD-002306,Gunshot,test,Acceptable,1.27
AUD-002307,Gunshot,val,Good,1.49
AUD-002308,Gunshot,train,Good,0.7
AUD-002309,Gunshot,train,Good,1.208
AUD-002310,Gunshot,val,Good,1.187
AUD-002311,Gunshot,train,Acceptable,1.46
AUD-002312,Gunshot,train,Acceptable,1.02
AUD-002313,Gunshot,train,Good,1.206
AUD-002314,Gunshot,val,Acceptable,1.2
AUD-002315,Gunshot,train,Acceptable,1.52
AUD-002316,Gunshot,train,Acceptable,1.33
AUD-002317,Gunshot,train,Acceptable,1.656
AUD-002318,Gunshot,train,Good,0.817
AUD-002319,Gunshot,test,Good,1.596
AUD-002320,Gunshot,train,Good,1.85
AUD-002321,Gunshot,train,Good,1.74
AUD-002322,Gunshot,test,Good,3.44
AUD-002323,Gunshot,test,Good,2.928
AUD-002324,Gunshot,train,Good,3.2
AUD-002325,Gunshot,train,Good,1.969
AUD-002326,Gunshot,train,Good,1.169
AUD-002327,Gunshot,val,Good,0.897
AUD-002328,Gunshot,train,Good,0.94
AUD-002329,Gunshot,train,Good,2.078
AUD-002330,Gunshot,train,Good,1.26
AUD-002331,Gunshot,train,Good,1.015
AUD-002332,Gunshot,train,Good,1.039
AUD-002333,Gunshot,train,Good,2.09
AUD-002334,Gunshot,test,Acceptable,2.27
AUD-002335,Gunshot,train,Poor,1.149
AUD-002336,Gunshot,val,Acceptable,2.53
AUD-002337,Gunshot,train,Good,1.887
AUD-002338,Gunshot,train,Good,1.738
AUD-002339,Gunshot,train,Good,2.35
AUD-002340,Gunshot,train,Acceptable,1.898
AUD-002341,Gunshot,train,Poor,2.04
AUD-002342,Gunshot,train,Poor,1.56
AUD-002343,Gunshot,train,Acceptable,1.75
AUD-002344,Gunshot,test,Acceptable,2.31
AUD-002345,Gunshot,train,Acceptable,2.44
AUD-002346,Gunshot,train,Good,2.016
AUD-002347,Gunshot,train,Poor,0.598
AUD-002348,Gunshot,test,Poor,0.577
AUD-002349,Gunshot,val,Good,0.59
AUD-002350,Gunshot,train,Acceptable,0.636
AUD-002351,Gunshot,test,Acceptable,0.598
AUD-002352,Gunshot,train,Poor,0.619
AUD-002353,Gunshot,train,Acceptable,2.08
AUD-002354,Gunshot,train,Acceptable,1.87
AUD-002355,Gunshot,train,Good,1.97
AUD-002356,Gunshot,train,Poor,1.317
AUD-002357,Gunshot,val,Good,1.63
AUD-002358,Gunshot,train,Acceptable,2.13
AUD-002359,Gunshot,train,Good,0.627
AUD-002360,Gunshot,train,Good,1.92
AUD-002361,Gunshot,val,Poor,1.17
AUD-002362,Gunshot,test,Poor,0.8
AUD-002363,Gunshot,val,Acceptable,1.08
AUD-002364,Gunshot,train,Acceptable,1.097
AUD-002365,Gunshot,test,Acceptable,0.636
AUD-002366,Gunshot,train,Acceptable,0.836
AUD-002367,Gunshot,test,Good,1.06
AUD-002368,Gunshot,train,Good,1.09
AUD-002369,Gunshot,train,Acceptable,0.995
AUD-002370,Gunshot,train,Acceptable,0.96
AUD-002371,Gunshot,train,Acceptable,1.01
AUD-002372,Gunshot,test,Acceptable,0.83
AUD-002373,Gunshot,train,Acceptable,0.577
AUD-002374,Gunshot,train,Good,1.076
AUD-002375,Gunshot,train,Acceptable,1.14
AUD-002376,Gunshot,test,Good,1.028
AUD-002377,Gunshot,train,Good,1.076
AUD-002378,Gunshot,val,Good,1.2
AUD-002379,Gunshot,train,Good,1.156
AUD-002380,Gunshot,train,Good,1.076
AUD-002381,Gunshot,train,Acceptable,1.36
AUD-002382,Gunshot,train,Acceptable,0.646
AUD-002383,Gunshot,val,Acceptable,0.537
AUD-002384,Gunshot,train,Acceptable,0.51
AUD-002385,Gunshot,train,Acceptable,0.53
AUD-002386,Gunshot,train,Good,0.818
AUD-002387,Gunshot,test,Good,0.73
AUD-002388,Gunshot,test,Good,0.83
AUD-002389,Gunshot,val,Good,0.716
AUD-002390,Gunshot,test,Good,0.716
AUD-002391,Gunshot,val,Good,0.57
AUD-002392,Gunshot,train,Good,0.727
AUD-002393,Gunshot,train,Good,1.797
AUD-002394,Gunshot,test,Good,0.67
AUD-002395,Gunshot,train,Good,0.787
AUD-002396,Gunshot,train,Good,0.746
AUD-002397,Gunshot,train,Good,1.66
AUD-002398,Gunshot,train,Acceptable,2.589
AUD-002399,Gunshot,train,Acceptable,2.62
AUD-002400,Gunshot,val,Good,3.785
AUD-002401,Gunshot,val,Good,2.549
AUD-002402,Gunshot,train,Good,2.626
AUD-002403,Gunshot,test,Good,3.005
AUD-002404,Gunshot,train,Good,2.558
AUD-002405,Gunshot,train,Good,2.63
AUD-002406,Gunshot,train,Good,3.72
AUD-002407,Gunshot,train,Good,1.789
AUD-002408,Gunshot,train,Good,2.236
AUD-002409,Gunshot,test,Good,1.97
AUD-002410,Gunshot,train,Good,1.835
AUD-002411,Gunshot,test,Acceptable,2.22
AUD-002412,Gunshot,test,Acceptable,2.349
AUD-002413,Gunshot,train,Acceptable,2.46
AUD-002414,Gunshot,val,Poor,2.237
AUD-002415,Gunshot,train,Acceptable,2.09
AUD-002416,Gunshot,val,Acceptable,2.53
AUD-002417,Gunshot,train,Acceptable,2.32
AUD-002418,Gunshot,test,Acceptable,2.41
AUD-002419,Gunshot,val,Good,2.929
AUD-002420,Gunshot,test,Good,2.89
AUD-002421,Gunshot,train,Good,3.488
AUD-002422,Gunshot,train,Good,2.46
AUD-002423,Gunshot,train,Good,2.326
AUD-002424,Gunshot,train,Good,2.37
AUD-002425,Gunshot,train,Good,2.536
AUD-002426,Gunshot,val,Acceptable,3.176
AUD-002427,Gunshot,val,Acceptable,3.08
AUD-002428,Gunshot,train,Good,2.07
AUD-002429,Gunshot,test,Good,1.63
AUD-002430,Gunshot,train,Acceptable,3.14
AUD-002431,Gunshot,train,Acceptable,1.53
AUD-002432,Gunshot,train,Good,1.807
AUD-002433,Gunshot,train,Good,1.28
AUD-002434,Gunshot,train,Good,1.83
AUD-002435,Gunshot,val,Good,1.33
AUD-002436,Gunshot,train,Good,1.93
AUD-002437,Gunshot,train,Good,1.958
AUD-002438,Gunshot,train,Good,1.958
AUD-002439,Gunshot,val,Good,1.707
AUD-002440,Gunshot,val,Good,2.08
AUD-002441,Gunshot,train,Good,1.83
AUD-002442,Gunshot,train,Good,1.68
AUD-002443,Gunshot,test,Good,1.93
AUD-002444,Gunshot,train,Good,2.05
AUD-002445,Gunshot,val,Good,2.03
AUD-002446,Gunshot,train,Good,2.63
AUD-002447,Gunshot,train,Good,3.02
AUD-002448,Gunshot,train,Good,2.766
AUD-002449,Gunshot,train,Good,2.376
AUD-002450,Gunshot,train,Good,2.51
AUD-002451,Gunshot,test,Good,2.86
AUD-002452,Gunshot,test,Good,2.838
AUD-002453,Gunshot,train,Good,2.699
AUD-002454,Gunshot,val,Good,2.4
AUD-002455,Gunshot,train,Good,2.4
AUD-002456,Gunshot,val,Good,2.42
AUD-002457,Gunshot,train,Acceptable,1.898
AUD-002458,Gunshot,train,Acceptable,1.806
AUD-002459,Gunshot,train,Acceptable,0.86
AUD-002460,Gunshot,train,Poor,1.247
AUD-002461,Gunshot,test,Acceptable,0.857
AUD-002462,Gunshot,test,Acceptable,1.087
AUD-002463,Gunshot,train,Acceptable,1.497
AUD-002464,Gunshot,train,Acceptable,1.33
AUD-002465,Gunshot,test,Acceptable,1.326
AUD-002466,Gunshot,val,Good,1.68
AUD-002467,Gunshot,train,Good,1.395
AUD-002468,Gunshot,train,Good,1.7
AUD-002469,Gunshot,test,Good,1.74
AUD-002470,Gunshot,test,Acceptable,1.405
AUD-002471,Gunshot,test,Acceptable,1.35
AUD-002472,Gunshot,val,Acceptable,1.54
AUD-002473,Gunshot,train,Acceptable,1.817
AUD-002474,Gunshot,train,Acceptable,1.42
AUD-002475,Gunshot,train,Acceptable,1.23
AUD-002476,Gunshot,train,Good,1.01
AUD-002477,Gunshot,train,Good,4.0
AUD-002478,Gunshot,val,Good,0.75
AUD-002479,Gunshot,val,Good,2.17
AUD-002480,Gunshot,train,Good,1.139
AUD-002481,Gunshot,train,Good,1.19
AUD-002482,Gunshot,train,Good,1.418
AUD-002483,Gunshot,train,Good,1.317
AUD-002484,Gunshot,train,Good,1.497
AUD-002485,Gunshot,train,Good,1.418
AUD-002486,Gunshot,train,Good,1.508
AUD-002487,Gunshot,train,Good,1.35
AUD-002488,Gunshot,train,Acceptable,1.33
AUD-002489,Gunshot,val,Acceptable,0.768
AUD-002490,Gunshot,train,Acceptable,0.87
AUD-002491,Gunshot,train,Good,1.5
AUD-002492,Gunshot,train,Good,1.44
AUD-002493,Gunshot,train,Good,1.55
AUD-002494,Gunshot,train,Good,1.6
AUD-002495,Gunshot,train,Good,2.25
AUD-002496,Gunshot,train,Good,1.367
AUD-002497,Gunshot,train,Good,1.766
AUD-002498,Gunshot,val,Good,1.41
AUD-002499,Gunshot,val,Good,1.227
AUD-002500,Gunshot,train,Good,1.17
AUD-002501,Gunshot,train,Good,1.19
AUD-002502,Gunshot,train,Good,1.33
AUD-002503,Gunshot,train,Good,1.949
AUD-002504,Gunshot,train,Good,3.02
AUD-002505,Gunshot,train,Good,0.819
AUD-002506,Gunshot,train,Good,3.166
AUD-002507,Gunshot,test,Good,2.729
AUD-002508,Gunshot,train,Good,2.189
AUD-002509,Gunshot,val,Good,0.577
AUD-002510,Gunshot,train,Acceptable,0.61
AUD-002511,Gunshot,train,Good,0.87
AUD-002512,Gunshot,test,Acceptable,0.63
AUD-002513,Gunshot,test,Good,0.91
AUD-002514,Gunshot,val,Good,1.036
AUD-002515,Gunshot,train,Good,1.327
AUD-002516,Gunshot,train,Acceptable,0.648
AUD-002517,Gunshot,train,Good,2.518
AUD-002518,Gunshot,val,Acceptable,1.055
AUD-002519,Gunshot,train,Acceptable,1.137
AUD-002520,Gunshot,train,Good,3.04
AUD-002521,Gunshot,train,Good,1.447
AUD-002522,Panic Scream,train,Good,10.0
AUD-002523,Panic Scream,train,Acceptable,10.0
AUD-002524,Panic Scream,train,Good,10.0
AUD-002525,Panic Scream,test,Good,10.0
AUD-002526,Panic Scream,val,Good,10.0
AUD-002527,Panic Scream,train,Good,10.0
AUD-002528,Panic Scream,test,Good,10.0
AUD-002529,Panic Scream,train,Good,10.0
AUD-002530,Panic Scream,train,Good,10.0
AUD-002531,Panic Scream,train,Good,10.0
AUD-002532,Panic Scream,train,Good,10.0
AUD-002533,Panic Scream,val,Good,10.0
AUD-002534,Panic Scream,test,Good,10.0
AUD-002535,Panic Scream,train,Good,10.0
AUD-002536,Panic Scream,train,Good,10.0
AUD-002537,Panic Scream,test,Good,10.0
AUD-002538,Panic Scream,test,Good,10.0
AUD-002539,Panic Scream,train,Good,10.0
AUD-002540,Panic Scream,train,Poor,6.385
AUD-002541,Panic Scream,train,Good,10.0
AUD-002542,Panic Scream,train,Good,10.0
AUD-002543,Panic Scream,train,Good,10.0
AUD-002544,Panic Scream,train,Good,10.0
AUD-002545,Panic Scream,test,Good,10.0
AUD-002546,Panic Scream,test,Acceptable,10.0
AUD-002547,Panic Scream,test,Good,10.0
AUD-002548,Panic Scream,train,Good,10.0
AUD-002549,Panic Scream,val,Good,10.0
AUD-002550,Panic Scream,test,Good,9.66
AUD-002551,Panic Scream,train,Good,9.256
AUD-002552,Panic Scream,train,Good,9.652
AUD-002553,Panic Scream,train,Acceptable,6.502
AUD-002554,Panic Scream,test,Acceptable,10.0
AUD-002555,Panic Scream,train,Good,9.477
AUD-002556,Panic Scream,train,Good,9.602
AUD-002557,Panic Scream,train,Good,10.0
AUD-002558,Panic Scream,train,Good,10.0
AUD-002559,Panic Scream,train,Poor,10.0
AUD-002560,Panic Scream,train,Good,10.0
AUD-002561,Panic Scream,train,Good,4.69
AUD-002562,Panic Scream,train,Good,10.0
AUD-002563,Panic Scream,train,Good,10.0
AUD-002564,Panic Scream,val,Good,9.752
AUD-002565,Panic Scream,val,Good,10.0
AUD-002566,Panic Scream,test,Good,10.0
AUD-002567,Panic Scream,val,Good,10.0
AUD-002568,Panic Scream,test,Good,10.0
AUD-002569,Panic Scream,train,Good,10.0
AUD-002570,Panic Scream,val,Good,10.0
AUD-002571,Panic Scream,train,Poor,10.0
AUD-002572,Panic Scream,train,Good,10.0
AUD-002573,Panic Scream,val,Good,10.0
AUD-002574,Panic Scream,val,Good,10.0
AUD-002575,Panic Scream,test,Good,10.0
AUD-002576,Panic Scream,test,Good,10.0
AUD-002577,Panic Scream,train,Good,10.0
AUD-002578,Panic Scream,val,Good,9.379
AUD-002579,Panic Scream,train,Acceptable,10.0
AUD-002580,Panic Scream,test,Good,10.0
AUD-002581,Panic Scream,train,Good,10.0
AUD-002582,Panic Scream,train,Acceptable,10.0
AUD-002583,Panic Scream,train,Good,10.0
AUD-002584,Panic Scream,train,Good,10.0
AUD-002585,Panic Scream,train,Good,6.641
AUD-002586,Panic Scream,train,Good,10.0
AUD-002587,Panic Scream,train,Poor,10.0
AUD-002588,Panic Scream,train,Good,10.0
AUD-002589,Panic Scream,test,Good,10.0
AUD-002590,Panic Scream,train,Good,10.0
AUD-002591,Panic Scream,train,Acceptable,10.0
AUD-002592,Panic Scream,train,Good,10.0
AUD-002593,Panic Scream,train,Good,10.0
AUD-002594,Panic Scream,train,Good,10.0
AUD-002595,Panic Scream,test,Good,6.246
AUD-002596,Panic Scream,train,Good,10.0
AUD-002597,Panic Scream,train,Poor,10.0
AUD-002598,Panic Scream,train,Good,10.0
AUD-002599,Panic Scream,train,Poor,10.0
AUD-002600,Panic Scream,val,Good,10.0
AUD-002601,Panic Scream,train,Acceptable,10.0
AUD-002602,Panic Scream,train,Good,10.0
AUD-002603,Panic Scream,train,Good,10.0
AUD-002604,Panic Scream,train,Good,10.0
AUD-002605,Panic Scream,train,Good,10.0
AUD-002606,Panic Scream,train,Good,10.0
AUD-002607,Panic Scream,train,Good,2.043
AUD-002608,Panic Scream,train,Acceptable,10.0
AUD-002609,Panic Scream,train,Good,10.0
AUD-002610,Panic Scream,train,Good,10.0
AUD-002611,Panic Scream,val,Good,10.0
AUD-002612,Panic Scream,train,Acceptable,10.0
AUD-002613,Panic Scream,val,Acceptable,10.0
AUD-002614,Panic Scream,train,Good,10.0
AUD-002615,Panic Scream,train,Good,9.267
AUD-002616,Panic Scream,train,Good,10.0
AUD-002617,Panic Scream,test,Good,10.0
AUD-002618,Panic Scream,train,Good,10.0
AUD-002619,Panic Scream,test,Good,10.0
AUD-002620,Panic Scream,train,Acceptable,10.0
AUD-002621,Panic Scream,train,Good,10.0
AUD-002622,Panic Scream,train,Good,10.0
AUD-002623,Panic Scream,val,Good,10.0
AUD-002624,Panic Scream,train,Acceptable,10.0
AUD-002625,Panic Scream,test,Good,10.0
AUD-002626,Panic Scream,train,Good,10.0
AUD-002627,Panic Scream,train,Good,10.0
AUD-002628,Panic Scream,train,Good,10.0
AUD-002629,Panic Scream,train,Poor,10.0
AUD-002630,Panic Scream,train,Good,10.0
AUD-002631,Panic Scream,train,Good,10.0
AUD-002632,Panic Scream,val,Good,1.869
AUD-002633,Panic Scream,train,Poor,10.0
AUD-002634,Panic Scream,train,Good,10.0
AUD-002635,Panic Scream,train,Good,10.0
AUD-002636,Panic Scream,train,Good,10.0
AUD-002637,Panic Scream,train,Poor,10.0
AUD-002638,Panic Scream,train,Good,10.0
AUD-002639,Panic Scream,val,Good,10.0
AUD-002640,Panic Scream,test,Good,10.0
AUD-002641,Panic Scream,train,Poor,10.0
AUD-002642,Panic Scream,train,Good,10.0
AUD-002643,Panic Scream,train,Good,10.0
AUD-002644,Panic Scream,train,Good,10.0
AUD-002645,Panic Scream,val,Acceptable,10.0
AUD-002646,Panic Scream,train,Good,6.188
AUD-002647,Panic Scream,val,Acceptable,10.0
AUD-002648,Panic Scream,train,Good,10.0
AUD-002649,Panic Scream,train,Poor,7.001
AUD-002650,Panic Scream,train,Good,10.0
AUD-002651,Panic Scream,train,Good,10.0
AUD-002652,Panic Scream,train,Good,10.0
AUD-002653,Panic Scream,val,Good,10.0
AUD-002654,Panic Scream,test,Good,10.0
AUD-002655,Panic Scream,val,Good,10.0
AUD-002656,Panic Scream,test,Good,10.0
AUD-002657,Panic Scream,train,Good,8.173
AUD-002658,Panic Scream,train,Good,9.671
AUD-002659,Panic Scream,test,Acceptable,10.0
AUD-002660,Panic Scream,train,Acceptable,10.0
AUD-002661,Panic Scream,train,Good,10.0
AUD-002662,Panic Scream,train,Acceptable,10.0
AUD-002663,Panic Scream,train,Poor,10.0
AUD-002664,Panic Scream,val,Poor,10.0
AUD-002665,Panic Scream,train,Good,10.0
AUD-002666,Panic Scream,train,Acceptable,10.0
AUD-002667,Panic Scream,train,Good,10.0
AUD-002668,Panic Scream,train,Acceptable,10.0
AUD-002669,Panic Scream,train,Good,10.0
AUD-002670,Panic Scream,train,Acceptable,4.0
AUD-002671,Panic Scream,train,Good,10.0
AUD-002672,Panic Scream,train,Good,10.0
AUD-002673,Panic Scream,train,Good,7.059
AUD-002674,Panic Scream,test,Good,10.0
AUD-002675,Panic Scream,train,Good,10.0
AUD-002676,Panic Scream,train,Good,10.0
AUD-002677,Panic Scream,test,Good,10.0
AUD-002678,Panic Scream,val,Acceptable,10.0
AUD-002679,Panic Scream,train,Good,10.0
AUD-002680,Panic Scream,val,Good,10.0
AUD-002681,Panic Scream,test,Acceptable,10.0
AUD-002682,Panic Scream,train,Acceptable,10.0
AUD-002683,Panic Scream,val,Good,10.0
AUD-002684,Panic Scream,val,Good,10.0
AUD-002685,Panic Scream,train,Good,10.0
AUD-002686,Panic Scream,val,Good,10.0
AUD-002687,Panic Scream,train,Good,10.0
AUD-002688,Panic Scream,train,Good,10.0
AUD-002689,Panic Scream,train,Poor,10.0
AUD-002690,Panic Scream,train,Good,10.0
AUD-002691,Panic Scream,test,Good,10.0
AUD-002692,Panic Scream,val,Good,10.0
AUD-002693,Panic Scream,train,Good,10.0
AUD-002694,Panic Scream,train,Good,10.0
AUD-002695,Panic Scream,val,Good,10.0
AUD-002696,Panic Scream,val,Good,10.0
AUD-002697,Panic Scream,train,Good,10.0
AUD-002698,Panic Scream,train,Poor,10.0
AUD-002699,Panic Scream,train,Good,10.0
AUD-002700,Panic Scream,train,Good,10.0
AUD-002701,Panic Scream,train,Good,10.0
AUD-002702,Panic Scream,val,Poor,10.0
AUD-002703,Panic Scream,test,Acceptable,10.0
AUD-002704,Panic Scream,train,Poor,10.0
AUD-002705,Panic Scream,train,Good,9.37
AUD-002706,Panic Scream,train,Good,10.0
AUD-002707,Panic Scream,test,Good,10.0
AUD-002708,Panic Scream,test,Good,10.0
AUD-002709,Panic Scream,test,Good,10.0
AUD-002710,Panic Scream,train,Good,10.0
AUD-002711,Panic Scream,train,Good,10.0
AUD-002712,Panic Scream,train,Good,9.694
AUD-002713,Panic Scream,train,Good,10.0
AUD-002714,Panic Scream,train,Good,9.541
AUD-002715,Panic Scream,train,Good,9.87
AUD-002716,Panic Scream,val,Good,10.0
AUD-002717,Panic Scream,train,Acceptable,10.0
AUD-002718,Panic Scream,train,Good,10.0
AUD-002719,Panic Scream,train,Acceptable,10.0
AUD-002720,Panic Scream,test,Good,10.0
AUD-002721,Panic Scream,train,Good,10.0
AUD-002722,Panic Scream,train,Good,10.0
AUD-002723,Panic Scream,train,Good,10.0
AUD-002724,Panic Scream,train,Good,10.0
AUD-002725,Panic Scream,train,Good,10.0
AUD-002726,Panic Scream,val,Good,8.394
AUD-002727,Panic Scream,train,Good,10.0
AUD-002728,Panic Scream,train,Acceptable,10.0
AUD-002729,Panic Scream,val,Good,10.0
AUD-002730,Panic Scream,train,Good,10.0
AUD-002731,Panic Scream,train,Good,10.0
AUD-002732,Panic Scream,train,Good,10.0
AUD-002733,Panic Scream,train,Good,10.0
AUD-002734,Panic Scream,train,Good,10.0
AUD-002735,Panic Scream,test,Good,10.0
AUD-002736,Panic Scream,train,Good,10.0
AUD-002737,Panic Scream,test,Good,10.0
AUD-002738,Panic Scream,val,Good,10.0
AUD-002739,Panic Scream,test,Acceptable,10.0
AUD-002740,Panic Scream,train,Poor,10.0
AUD-002741,Panic Scream,train,Good,10.0
AUD-002742,Panic Scream,train,Good,9.495
AUD-002743,Panic Scream,test,Good,9.096
AUD-002744,Panic Scream,train,Good,10.0
AUD-002745,Panic Scream,test,Good,10.0
AUD-002746,Panic Scream,test,Acceptable,10.0
AUD-002747,Panic Scream,test,Good,10.0
AUD-002748,Panic Scream,train,Good,6.536
AUD-002749,Panic Scream,test,Acceptable,10.0
AUD-002750,Panic Scream,train,Acceptable,10.0
AUD-002751,Panic Scream,val,Good,10.0
AUD-002752,Panic Scream,train,Acceptable,10.0
AUD-002753,Panic Scream,train,Good,10.0
AUD-002754,Panic Scream,val,Good,8.661
AUD-002755,Panic Scream,train,Acceptable,2.38
AUD-002756,Panic Scream,train,Good,9.373
AUD-002757,Panic Scream,train,Acceptable,10.0
AUD-002758,Panic Scream,train,Acceptable,9.43
AUD-002759,Panic Scream,train,Acceptable,5.677
AUD-002760,Panic Scream,train,Good,10.0
AUD-002761,Panic Scream,train,Poor,10.0
AUD-002762,Panic Scream,test,Good,10.0
AUD-002763,Panic Scream,test,Acceptable,10.0
AUD-002764,Panic Scream,train,Acceptable,9.169
AUD-002765,Panic Scream,test,Poor,10.0
AUD-002766,Panic Scream,train,Acceptable,10.0
AUD-002767,Panic Scream,train,Poor,10.0
AUD-002768,Panic Scream,train,Good,10.0
AUD-002769,Panic Scream,train,Good,10.0
AUD-002770,Panic Scream,train,Good,10.0
AUD-002771,Panic Scream,train,Acceptable,10.0
AUD-002772,Panic Scream,train,Good,2.798
AUD-002773,Panic Scream,train,Acceptable,10.0
AUD-002774,Panic Scream,train,Good,10.0
AUD-002775,Panic Scream,train,Good,10.0
AUD-002776,Panic Scream,train,Good,10.0
AUD-002777,Panic Scream,train,Good,10.0
AUD-002778,Panic Scream,train,Good,10.0
AUD-002779,Panic Scream,val,Good,10.0
AUD-002780,Panic Scream,train,Good,10.0
AUD-002781,Panic Scream,train,Good,10.0
AUD-002782,Panic Scream,train,Good,10.0
AUD-002783,Panic Scream,train,Good,10.0
AUD-002784,Panic Scream,train,Good,10.0
AUD-002785,Panic Scream,val,Good,10.0
AUD-002786,Panic Scream,train,Good,10.0
AUD-002787,Panic Scream,train,Good,10.0
AUD-002788,Panic Scream,test,Good,10.0
AUD-002789,Panic Scream,val,Poor,10.0
AUD-002790,Panic Scream,train,Poor,4.064
AUD-002791,Panic Scream,train,Good,10.0
AUD-002792,Panic Scream,train,Good,10.0
AUD-002793,Panic Scream,test,Good,10.0
AUD-002794,Panic Scream,train,Good,6.803
AUD-002795,Panic Scream,train,Good,10.0
AUD-002796,Panic Scream,train,Good,10.0
AUD-002797,Panic Scream,train,Good,10.0
AUD-002798,Panic Scream,train,Good,9.043
AUD-002799,Panic Scream,val,Good,10.0
AUD-002800,Panic Scream,train,Good,10.0
AUD-002801,Panic Scream,test,Good,10.0
AUD-002802,Panic Scream,train,Good,10.0
AUD-002803,Panic Scream,val,Good,10.0
AUD-002804,Panic Scream,val,Good,10.0
AUD-002805,Panic Scream,train,Good,10.0
AUD-002806,Panic Scream,train,Good,10.0
AUD-002807,Panic Scream,train,Good,10.0
AUD-002808,Panic Scream,train,Good,10.0
AUD-002809,Panic Scream,test,Good,9.047
AUD-002810,Panic Scream,train,Acceptable,10.0
AUD-002811,Panic Scream,train,Good,10.0
AUD-002812,Panic Scream,train,Good,10.0
AUD-002813,Panic Scream,train,Good,10.0
AUD-002814,Panic Scream,train,Acceptable,5.875
AUD-002815,Panic Scream,train,Acceptable,10.0
AUD-002816,Panic Scream,train,Good,9.072
AUD-002817,Panic Scream,train,Good,10.0
AUD-002818,Panic Scream,train,Good,10.0
AUD-002819,Panic Scream,train,Acceptable,10.0
AUD-002820,Panic Scream,train,Good,9.524
AUD-002821,Panic Scream,train,Good,10.0
AUD-002822,Panic Scream,train,Good,10.0
AUD-002823,Panic Scream,train,Good,10.0
AUD-002824,Panic Scream,test,Acceptable,10.0
AUD-002825,Panic Scream,train,Good,10.0
AUD-002826,Panic Scream,train,Good,10.0
AUD-002827,Panic Scream,train,Good,9.265
AUD-002828,Panic Scream,test,Acceptable,10.0
AUD-002829,Panic Scream,train,Good,10.0
AUD-002830,Panic Scream,train,Good,10.0
AUD-002831,Panic Scream,train,Acceptable,10.0
AUD-002832,Panic Scream,train,Good,10.0
AUD-002833,Panic Scream,train,Poor,10.0
AUD-002834,Panic Scream,val,Good,8.708
AUD-002835,Panic Scream,train,Good,10.0
AUD-002836,Panic Scream,train,Good,10.0
AUD-002837,Panic Scream,train,Good,10.0
AUD-002838,Panic Scream,train,Acceptable,10.0
AUD-002839,Panic Scream,train,Good,10.0
AUD-002840,Panic Scream,train,Good,10.0
AUD-002841,Panic Scream,train,Good,10.0
AUD-002842,Panic Scream,val,Good,10.0
AUD-002843,Panic Scream,train,Poor,10.0
AUD-002844,Panic Scream,test,Good,10.0
AUD-002845,Panic Scream,train,Good,10.0
AUD-002846,Panic Scream,val,Good,10.0
AUD-002847,Panic Scream,train,Good,10.0
AUD-002848,Panic Scream,train,Poor,10.0
AUD-002849,Panic Scream,train,Good,10.0
AUD-002850,Panic Scream,train,Good,7.674
AUD-002851,Panic Scream,train,Good,10.0
AUD-002852,Panic Scream,val,Poor,10.0
AUD-002853,Panic Scream,train,Good,10.0
AUD-002854,Panic Scream,train,Good,10.0
AUD-002855,Panic Scream,train,Good,10.0
AUD-002856,Panic Scream,train,Good,9.045
AUD-002857,Panic Scream,train,Good,10.0
AUD-002858,Panic Scream,val,Good,10.0
AUD-002859,Panic Scream,train,Good,10.0
AUD-002860,Panic Scream,train,Good,10.0
AUD-002861,Panic Scream,val,Good,9.405
AUD-002862,Panic Scream,train,Good,10.0
AUD-002863,Panic Scream,val,Good,10.0
AUD-002864,Panic Scream,train,Good,10.0
AUD-002865,Panic Scream,train,Acceptable,10.0
AUD-002866,Panic Scream,train,Good,10.0
AUD-002867,Panic Scream,test,Good,10.0
AUD-002868,Panic Scream,train,Good,10.0
AUD-002869,Panic Scream,train,Good,10.0
AUD-002870,Panic Scream,train,Good,10.0
AUD-002871,Panic Scream,train,Good,10.0
AUD-002872,Panic Scream,test,Good,10.0
AUD-002873,Panic Scream,train,Good,10.0
AUD-002874,Panic Scream,val,Good,4.981
AUD-002875,Panic Scream,train,Poor,10.0
AUD-002876,Panic Scream,train,Good,10.0
AUD-002877,Panic Scream,test,Acceptable,10.0
AUD-002878,Panic Scream,train,Good,10.0
AUD-002879,Panic Scream,train,Good,10.0
AUD-002880,Panic Scream,train,Good,10.0
AUD-002881,Panic Scream,test,Acceptable,7.338
AUD-002882,Panic Scream,val,Good,10.0
AUD-002883,Panic Scream,train,Good,10.0
AUD-002884,Panic Scream,train,Acceptable,10.0
AUD-002885,Panic Scream,val,Good,9.242
AUD-002886,Panic Scream,train,Acceptable,10.0
AUD-002887,Panic Scream,train,Good,6.223
AUD-002888,Panic Scream,train,Good,10.0
AUD-002889,Panic Scream,train,Poor,10.0
AUD-002890,Panic Scream,val,Acceptable,9.707
AUD-002891,Panic Scream,test,Good,10.0
AUD-002892,Panic Scream,train,Good,10.0
AUD-002893,Panic Scream,test,Poor,10.0
AUD-002894,Panic Scream,train,Good,10.0
AUD-002895,Panic Scream,train,Good,10.0
AUD-002896,Panic Scream,train,Good,10.0
AUD-002897,Panic Scream,train,Good,9.235
AUD-002898,Panic Scream,val,Good,10.0
AUD-002899,Panic Scream,test,Acceptable,10.0
AUD-002900,Panic Scream,val,Acceptable,10.0
AUD-002901,Panic Scream,train,Acceptable,5.805
AUD-002902,Panic Scream,train,Good,10.0
AUD-002903,Panic Scream,test,Good,10.0
AUD-002904,Panic Scream,train,Good,10.0
AUD-002905,Panic Scream,train,Acceptable,10.0
AUD-002906,Panic Scream,train,Good,8.684
AUD-002907,Panic Scream,val,Good,10.0
AUD-002908,Panic Scream,train,Good,10.0
AUD-002909,Panic Scream,train,Good,10.0
AUD-002910,Panic Scream,train,Poor,10.0
AUD-002911,Panic Scream,train,Acceptable,4.389
AUD-002912,Panic Scream,train,Good,9.201
AUD-002913,Panic Scream,train,Good,10.0
AUD-002914,Panic Scream,train,Good,10.0
AUD-002915,Panic Scream,test,Acceptable,10.0
AUD-002916,Panic Scream,val,Good,9.593
AUD-002917,Panic Scream,train,Good,10.0
AUD-002918,Panic Scream,train,Good,10.0
AUD-002919,Panic Scream,val,Acceptable,10.0
AUD-002920,Panic Scream,val,Good,10.0
AUD-002921,Panic Scream,val,Acceptable,10.0
AUD-002922,Aggression,train,Good,6.0
AUD-002923,Aggression,val,Good,6.0
AUD-002924,Aggression,train,Good,6.0
AUD-002925,Aggression,test,Good,6.0
AUD-002926,Aggression,train,Good,6.0
AUD-002927,Aggression,train,Good,6.0
AUD-002928,Aggression,train,Good,6.0
AUD-002929,Aggression,train,Good,6.0
AUD-002930,Aggression,test,Good,6.0
AUD-002931,Aggression,train,Good,6.0
AUD-002932,Aggression,train,Good,6.0
AUD-002933,Aggression,train,Good,6.0
AUD-002934,Aggression,train,Good,2.0
AUD-002935,Aggression,val,Good,6.0
AUD-002936,Aggression,test,Good,6.0
AUD-002937,Aggression,train,Good,6.0
AUD-002938,Aggression,train,Good,4.0
AUD-002939,Aggression,train,Acceptable,3.0
AUD-002940,Aggression,train,Good,6.0
AUD-002941,Aggression,train,Good,5.0
AUD-002942,Aggression,val,Good,3.0
AUD-002943,Aggression,val,Acceptable,5.0
AUD-002944,Aggression,train,Acceptable,6.0
AUD-002945,Aggression,val,Good,6.0
AUD-002946,Aggression,train,Good,6.0
AUD-002947,Aggression,train,Good,5.0
AUD-002948,Aggression,train,Good,6.0
AUD-002949,Aggression,train,Good,6.0
AUD-002950,Aggression,train,Good,6.0
AUD-002951,Aggression,train,Good,6.0
AUD-002952,Aggression,train,Good,2.0
AUD-002953,Aggression,train,Good,4.0
AUD-002954,Aggression,train,Good,6.0
AUD-002955,Aggression,train,Good,6.0
AUD-002956,Aggression,test,Good,5.0
AUD-002957,Aggression,train,Good,5.0
AUD-002958,Aggression,train,Acceptable,2.0
AUD-002959,Aggression,train,Good,6.0
AUD-002960,Aggression,train,Good,6.0
AUD-002961,Aggression,test,Good,6.0
AUD-002962,Aggression,val,Good,6.0
AUD-002963,Aggression,train,Acceptable,6.0
AUD-002964,Aggression,train,Good,6.0
AUD-002965,Aggression,val,Good,3.0
AUD-002966,Aggression,val,Good,6.0
AUD-002967,Aggression,train,Good,6.0
AUD-002968,Aggression,train,Good,2.0
AUD-002969,Aggression,test,Good,4.0
AUD-002970,Aggression,val,Good,6.0
AUD-002971,Aggression,val,Good,6.0
AUD-002972,Aggression,val,Good,6.0
AUD-002973,Aggression,train,Good,6.0
AUD-002974,Aggression,val,Good,6.0
AUD-002975,Aggression,val,Good,6.0
AUD-002976,Aggression,test,Acceptable,2.0
AUD-002977,Aggression,train,Good,6.0
AUD-002978,Aggression,train,Good,6.0
AUD-002979,Aggression,train,Good,6.0
AUD-002980,Aggression,test,Good,6.0
AUD-002981,Aggression,train,Good,6.0
AUD-002982,Aggression,train,Good,3.0
AUD-002983,Aggression,train,Good,6.0
AUD-002984,Aggression,train,Good,3.0
AUD-002985,Aggression,train,Good,6.0
AUD-002986,Aggression,test,Good,6.0
AUD-002987,Aggression,train,Good,6.0
AUD-002988,Aggression,train,Good,6.0
AUD-002989,Aggression,train,Good,6.0
AUD-002990,Aggression,train,Good,6.0
AUD-002991,Aggression,train,Good,6.0
AUD-002992,Aggression,val,Good,6.0
AUD-002993,Aggression,test,Good,3.0
AUD-002994,Aggression,train,Good,5.0
AUD-002995,Aggression,train,Good,6.0
AUD-002996,Aggression,train,Good,6.0
AUD-002997,Aggression,train,Good,2.0
AUD-002998,Aggression,train,Good,4.0
AUD-002999,Aggression,train,Good,3.0
AUD-003000,Aggression,train,Good,5.0
AUD-003001,Aggression,train,Good,4.0
AUD-003002,Aggression,test,Good,4.0
AUD-003003,Aggression,test,Good,6.0
AUD-003004,Aggression,train,Good,6.0
AUD-003005,Aggression,train,Good,6.0
AUD-003006,Aggression,train,Good,2.0
AUD-003007,Aggression,train,Good,4.0
AUD-003008,Aggression,train,Good,2.0
AUD-003009,Aggression,val,Good,4.83
AUD-003010,Aggression,val,Good,2.136
AUD-003011,Aggression,train,Good,6.0
AUD-003012,Aggression,train,Good,2.694
AUD-003013,Aggression,test,Good,3.53
AUD-003014,Aggression,train,Good,3.343
AUD-003015,Aggression,train,Good,3.158
AUD-003016,Aggression,val,Good,6.0
AUD-003017,Aggression,train,Good,6.0
AUD-003018,Aggression,train,Good,3.623
AUD-003019,Aggression,train,Good,6.0
AUD-003020,Aggression,train,Good,6.0
AUD-003021,Aggression,val,Good,6.0
AUD-003022,Aggression,train,Good,2.815
AUD-003023,Aggression,train,Good,5.108
AUD-003024,Aggression,test,Good,4.273
AUD-003025,Aggression,test,Good,4.18
AUD-003026,Aggression,train,Good,3.622
AUD-003027,Aggression,val,Good,1.95
AUD-003028,Aggression,val,Good,6.0
AUD-003029,Aggression,train,Good,5.758
AUD-003030,Aggression,train,Good,4.644
AUD-003031,Aggression,train,Good,3.065
AUD-003032,Aggression,val,Good,6.0
AUD-003033,Aggression,train,Good,2.23
AUD-003034,Aggression,train,Good,6.0
AUD-003035,Aggression,train,Good,4.087
AUD-003036,Aggression,train,Good,3.172
AUD-003037,Aggression,train,Good,4.923
AUD-003038,Aggression,train,Good,2.508
AUD-003039,Aggression,train,Good,6.0
AUD-003040,Aggression,train,Good,3.158
AUD-003041,Aggression,train,Good,3.808
AUD-003042,Aggression,train,Good,4.737
AUD-003043,Aggression,test,Good,3.066
AUD-003044,Aggression,train,Good,6.0
AUD-003045,Aggression,test,Good,4.087
AUD-003046,Aggression,train,Good,3.53
AUD-003047,Aggression,train,Good,6.0
AUD-003048,Aggression,train,Good,6.0
AUD-003049,Aggression,train,Good,6.0
AUD-003050,Aggression,train,Good,6.0
AUD-003051,Aggression,train,Good,2.229
AUD-003052,Aggression,test,Good,2.322
AUD-003053,Aggression,test,Good,5.294
AUD-003054,Aggression,train,Good,4.651
AUD-003055,Aggression,val,Good,3.623
AUD-003056,Aggression,val,Good,2.88
AUD-003057,Aggression,train,Good,6.0
AUD-003058,Aggression,train,Acceptable,4.551
AUD-003059,Aggression,train,Good,5.797
AUD-003060,Aggression,train,Good,6.0
AUD-003061,Aggression,train,Good,3.808
AUD-003062,Aggression,train,Good,6.0
AUD-003063,Aggression,train,Good,3.622
AUD-003064,Aggression,train,Good,3.529
AUD-003065,Aggression,train,Good,6.0
AUD-003066,Aggression,train,Good,6.0
AUD-003067,Aggression,test,Good,3.824
AUD-003068,Aggression,train,Good,2.136
AUD-003069,Aggression,train,Good,3.994
AUD-003070,Aggression,train,Good,1.858
AUD-003071,Aggression,val,Good,2.786
AUD-003072,Aggression,train,Good,5.016
AUD-003073,Aggression,val,Good,6.0
AUD-003074,Aggression,train,Good,6.0
AUD-003075,Aggression,test,Good,1.95
AUD-003076,Aggression,train,Good,6.0
AUD-003077,Aggression,train,Good,5.201
AUD-003078,Aggression,test,Good,4.365
AUD-003079,Aggression,train,Good,6.0
AUD-003080,Aggression,train,Good,6.0
AUD-003081,Aggression,train,Good,4.18
AUD-003082,Aggression,test,Good,6.0
AUD-003083,Aggression,test,Good,4.737
AUD-003084,Aggression,train,Good,6.0
AUD-003085,Aggression,val,Good,5.851
AUD-003086,Aggression,train,Good,6.0
AUD-003087,Aggression,train,Good,6.0
AUD-003088,Aggression,test,Good,6.0
AUD-003089,Aggression,train,Good,5.294
AUD-003090,Aggression,train,Good,6.0
AUD-003091,Aggression,test,Good,6.0
AUD-003092,Aggression,train,Good,6.0
AUD-003093,Aggression,train,Good,3.901
AUD-003094,Aggression,train,Good,6.0
AUD-003095,Aggression,train,Good,6.0
AUD-003096,Aggression,test,Good,5.666
AUD-003097,Aggression,train,Good,2.229
AUD-003098,Aggression,train,Good,6.0
AUD-003099,Aggression,train,Good,2.693
AUD-003100,Aggression,train,Good,4.459
AUD-003101,Aggression,train,Good,6.0
AUD-003102,Aggression,train,Good,4.644
AUD-003103,Aggression,train,Good,3.065
AUD-003104,Aggression,train,Good,4.923
AUD-003105,Aggression,train,Good,5.944
AUD-003106,Aggression,train,Good,1.764
AUD-003107,Aggression,train,Good,1.579
AUD-003108,Aggression,train,Good,3.251
AUD-003109,Aggression,val,Poor,6.0
AUD-003110,Aggression,test,Poor,6.0
AUD-003111,Aggression,val,Poor,4.644
AUD-003112,Aggression,val,Poor,2.507
AUD-003113,Aggression,test,Poor,3.715
AUD-003114,Aggression,train,Poor,2.027
AUD-003115,Aggression,train,Poor,6.0
AUD-003116,Aggression,train,Poor,6.0
AUD-003117,Aggression,train,Poor,6.0
AUD-003118,Aggression,train,Poor,6.0
AUD-003119,Aggression,train,Poor,6.0
AUD-003120,Aggression,train,Poor,5.387
AUD-003121,Aggression,val,Poor,4.644
AUD-003122,Aggression,train,Good,4.644
AUD-003123,Aggression,test,Good,4.273
AUD-003124,Aggression,train,Good,1.765
AUD-003125,Aggression,train,Good,2.786
AUD-003126,Aggression,train,Good,6.0
AUD-003127,Aggression,test,Good,6.0
AUD-003128,Aggression,train,Good,4.83
AUD-003129,Aggression,test,Good,2.564
AUD-003130,Aggression,train,Good,6.0
AUD-003131,Aggression,train,Good,6.0
AUD-003132,Aggression,train,Good,6.0
AUD-003133,Aggression,train,Good,6.0
AUD-003134,Aggression,val,Good,6.0
AUD-003135,Aggression,train,Good,6.0
AUD-003136,Aggression,test,Good,1.83
AUD-003137,Aggression,train,Good,3.715
AUD-003138,Aggression,val,Good,3.901
AUD-003139,Aggression,val,Good,3.808
AUD-003140,Aggression,train,Good,6.0
AUD-003141,Aggression,train,Good,2.043
AUD-003142,Aggression,val,Good,1.765
AUD-003143,Aggression,train,Good,5.944
AUD-003144,Aggression,train,Good,1.636
AUD-003145,Aggression,train,Good,2.322
AUD-003146,Aggression,train,Good,1.765
AUD-003147,Aggression,train,Good,2.787
AUD-003148,Aggression,train,Good,6.0
AUD-003149,Aggression,val,Good,2.787
AUD-003150,Aggression,train,Good,2.322
AUD-003151,Aggression,train,Good,1.93
AUD-003152,Aggression,train,Good,3.301
AUD-003153,Aggression,train,Good,4.458
AUD-003154,Aggression,test,Good,3.065
AUD-003155,Aggression,train,Good,3.994
AUD-003156,Aggression,train,Good,6.0
AUD-003157,Aggression,val,Good,3.623
AUD-003158,Aggression,train,Good,1.83
AUD-003159,Aggression,val,Good,2.972
AUD-003160,Aggression,train,Good,2.322
AUD-003161,Aggression,train,Good,5.387
AUD-003162,Aggression,train,Good,2.508
AUD-003163,Aggression,test,Good,2.973
AUD-003164,Aggression,train,Good,3.065
AUD-003165,Aggression,test,Good,6.0
AUD-003166,Aggression,train,Good,3.251
AUD-003167,Aggression,train,Good,4.766
AUD-003168,Aggression,train,Good,6.0
AUD-003169,Aggression,train,Good,1.95
AUD-003170,Aggression,test,Good,6.0
AUD-003171,Aggression,train,Good,4.179
AUD-003172,Aggression,train,Good,6.0
AUD-003173,Aggression,train,Good,6.0
AUD-003174,Aggression,val,Good,3.901
AUD-003175,Aggression,train,Good,1.857
AUD-003176,Aggression,train,Good,1.765
AUD-003177,Aggression,train,Good,3.344
AUD-003178,Aggression,test,Good,2.414
AUD-003179,Aggression,val,Good,2.786
AUD-003180,Aggression,train,Good,3.343
AUD-003181,Aggression,val,Good,6.0
AUD-003182,Aggression,train,Good,2.508
AUD-003183,Aggression,test,Good,6.0
AUD-003184,Aggression,val,Good,6.0
AUD-003185,Aggression,train,Good,2.229
AUD-003186,Aggression,train,Good,2.519
AUD-003187,Aggression,train,Good,6.0
AUD-003188,Aggression,train,Good,6.0
AUD-003189,Aggression,train,Good,6.0
AUD-003190,Aggression,train,Good,2.694
AUD-003191,Aggression,train,Good,6.0
AUD-003192,Aggression,val,Good,6.0
AUD-003193,Aggression,test,Good,6.0
AUD-003194,Aggression,train,Good,2.972
AUD-003195,Aggression,val,Good,2.786
AUD-003196,Aggression,train,Good,6.0
AUD-003197,Aggression,train,Good,6.0
AUD-003198,Aggression,test,Good,1.951
AUD-003199,Aggression,train,Good,6.0
AUD-003200,Aggression,train,Acceptable,2.136
AUD-003201,Aggression,train,Acceptable,6.0
AUD-003202,Aggression,train,Poor,6.0
AUD-003203,Aggression,train,Acceptable,6.0
AUD-003204,Aggression,train,Acceptable,6.0
AUD-003205,Aggression,train,Acceptable,1.858
AUD-003206,Aggression,train,Poor,4.365
AUD-003207,Aggression,val,Acceptable,5.573
AUD-003208,Aggression,train,Acceptable,4.365
AUD-003209,Aggression,train,Acceptable,6.0
AUD-003210,Aggression,test,Poor,6.0
AUD-003211,Aggression,val,Poor,4.366
AUD-003212,Aggression,train,Acceptable,2.322
AUD-003213,Aggression,train,Acceptable,2.972
AUD-003214,Aggression,test,Poor,4.801
AUD-003215,Aggression,train,Good,6.0
AUD-003216,Aggression,train,Good,5.015
AUD-003217,Aggression,train,Good,6.0
AUD-003218,Aggression,test,Good,4.551
AUD-003219,Aggression,test,Good,6.0
AUD-003220,Person Asking for Help,train,Poor,3.0
AUD-003221,Person Asking for Help,val,Poor,3.0
AUD-003222,Person Asking for Help,val,Poor,3.0
AUD-003223,Person Asking for Help,train,Poor,3.0
AUD-003224,Person Asking for Help,train,Poor,3.0
AUD-003225,Person Asking for Help,val,Poor,3.0
AUD-003226,Person Asking for Help,test,Poor,3.0
AUD-003227,Person Asking for Help,train,Poor,3.0
AUD-003228,Person Asking for Help,train,Poor,3.0
AUD-003229,Person Asking for Help,train,Poor,3.0
AUD-003230,Person Asking for Help,train,Poor,3.0
AUD-003231,Person Asking for Help,train,Poor,3.0
AUD-003232,Person Asking for Help,val,Poor,3.0
AUD-003233,Person Asking for Help,test,Poor,3.0
AUD-003234,Person Asking for Help,val,Poor,3.0
AUD-003235,Person Asking for Help,train,Poor,3.0
AUD-003236,Person Asking for Help,train,Poor,3.0
AUD-003237,Person Asking for Help,train,Acceptable,1.389
AUD-003238,Person Asking for Help,train,Acceptable,1.084
AUD-003239,Person Asking for Help,train,Acceptable,1.509
AUD-003240,Person Asking for Help,train,Acceptable,1.369
AUD-003241,Person Asking for Help,test,Acceptable,1.219
AUD-003242,Person Asking for Help,train,Acceptable,0.979
AUD-003243,Person Asking for Help,train,Acceptable,1.369
AUD-003244,Person Asking for Help,train,Acceptable,1.099
AUD-003245,Person Asking for Help,train,Acceptable,0.959
AUD-003246,Person Asking for Help,val,Acceptable,1.529
AUD-003247,Person Asking for Help,train,Acceptable,1.369
AUD-003248,Person Asking for Help,train,Acceptable,1.199
AUD-003249,Person Asking for Help,train,Acceptable,1.389
AUD-003250,Person Asking for Help,train,Acceptable,1.219
AUD-003251,Person Asking for Help,test,Acceptable,1.389
AUD-003252,Person Asking for Help,val,Acceptable,1.099
AUD-003253,Person Asking for Help,train,Acceptable,1.389
AUD-003254,Person Asking for Help,train,Acceptable,1.084
AUD-003255,Person Asking for Help,train,Acceptable,1.389
AUD-003256,Person Asking for Help,train,Acceptable,1.389
AUD-003257,Person Asking for Help,train,Acceptable,1.389
AUD-003258,Person Asking for Help,train,Acceptable,1.844
AUD-003259,Person Asking for Help,train,Acceptable,1.844
AUD-003260,Person Asking for Help,train,Acceptable,2.034
AUD-003261,Person Asking for Help,train,Acceptable,1.839
AUD-003262,Person Asking for Help,val,Acceptable,1.844
AUD-003263,Person Asking for Help,train,Acceptable,1.844
AUD-003264,Person Asking for Help,train,Acceptable,1.839
AUD-003265,Person Asking for Help,train,Acceptable,2.029
AUD-003266,Person Asking for Help,train,Acceptable,1.294
AUD-003267,Person Asking for Help,train,Acceptable,2.029
AUD-003268,Person Asking for Help,val,Acceptable,1.624
AUD-003269,Person Asking for Help,train,Acceptable,1.844
AUD-003270,Person Asking for Help,train,Acceptable,1.844
AUD-003271,Person Asking for Help,val,Acceptable,1.624
AUD-003272,Person Asking for Help,train,Acceptable,1.454
AUD-003273,Person Asking for Help,train,Acceptable,1.839
AUD-003274,Person Asking for Help,train,Acceptable,1.454
AUD-003275,Person Asking for Help,train,Acceptable,1.624
AUD-003276,Person Asking for Help,val,Acceptable,1.844
AUD-003277,Person Asking for Help,test,Acceptable,2.029
AUD-003278,Person Asking for Help,test,Acceptable,1.454
AUD-003279,Person Asking for Help,train,Acceptable,1.714
AUD-003280,Person Asking for Help,train,Acceptable,1.649
AUD-003281,Person Asking for Help,train,Acceptable,1.554
AUD-003282,Person Asking for Help,val,Acceptable,1.374
AUD-003283,Person Asking for Help,test,Acceptable,1.089
AUD-003284,Person Asking for Help,val,Acceptable,1.089
AUD-003285,Person Asking for Help,train,Acceptable,1.824
AUD-003286,Person Asking for Help,train,Acceptable,1.304
AUD-003287,Person Asking for Help,train,Acceptable,1.554
AUD-003288,Person Asking for Help,train,Acceptable,1.554
AUD-003289,Person Asking for Help,test,Acceptable,1.374
AUD-003290,Person Asking for Help,train,Acceptable,1.089
AUD-003291,Person Asking for Help,test,Acceptable,1.454
AUD-003292,Person Asking for Help,val,Acceptable,1.649
AUD-003293,Person Asking for Help,train,Acceptable,1.824
AUD-003294,Person Asking for Help,train,Acceptable,1.554
AUD-003295,Person Asking for Help,val,Acceptable,1.154
AUD-003296,Person Asking for Help,train,Acceptable,1.554
AUD-003297,Person Asking for Help,val,Acceptable,1.154
AUD-003298,Person Asking for Help,train,Acceptable,1.554
AUD-003299,Person Asking for Help,val,Acceptable,1.554
AUD-003300,Person Asking for Help,test,Acceptable,1.714
AUD-003301,Person Asking for Help,train,Acceptable,2.004
AUD-003302,Person Asking for Help,test,Acceptable,1.354
AUD-003303,Person Asking for Help,test,Acceptable,1.509
AUD-003304,Person Asking for Help,train,Acceptable,2.004
AUD-003305,Person Asking for Help,train,Acceptable,1.274
AUD-003306,Person Asking for Help,train,Acceptable,1.714
AUD-003307,Person Asking for Help,train,Acceptable,1.509
AUD-003308,Person Asking for Help,test,Acceptable,1.354
AUD-003309,Person Asking for Help,train,Acceptable,1.714
AUD-003310,Person Asking for Help,train,Acceptable,1.274
AUD-003311,Person Asking for Help,train,Acceptable,1.354
AUD-003312,Person Asking for Help,train,Acceptable,1.714
AUD-003313,Person Asking for Help,train,Acceptable,1.824
AUD-003314,Person Asking for Help,val,Acceptable,1.274
AUD-003315,Person Asking for Help,test,Acceptable,1.354
AUD-003316,Person Asking for Help,train,Acceptable,1.354
AUD-003317,Person Asking for Help,train,Acceptable,1.434
AUD-003318,Person Asking for Help,train,Acceptable,1.609
AUD-003319,Person Asking for Help,test,Acceptable,1.614
AUD-003320,Person Asking for Help,train,Acceptable,1.274
AUD-003321,Person Asking for Help,train,Acceptable,1.129
AUD-003322,Person Asking for Help,train,Acceptable,1.574
AUD-003323,Person Asking for Help,train,Acceptable,1.614
AUD-003324,Person Asking for Help,train,Acceptable,1.779
AUD-003325,Person Asking for Help,train,Acceptable,1.274
AUD-003326,Person Asking for Help,train,Acceptable,1.574
AUD-003327,Person Asking for Help,train,Acceptable,1.239
AUD-003328,Person Asking for Help,test,Acceptable,1.729
AUD-003329,Person Asking for Help,train,Acceptable,1.779
AUD-003330,Person Asking for Help,train,Acceptable,1.729
AUD-003331,Person Asking for Help,val,Acceptable,1.614
AUD-003332,Person Asking for Help,test,Acceptable,1.614
AUD-003333,Person Asking for Help,train,Acceptable,1.614
AUD-003334,Person Asking for Help,val,Acceptable,1.779
AUD-003335,Person Asking for Help,val,Acceptable,1.274
AUD-003336,Person Asking for Help,train,Acceptable,1.274
AUD-003337,Person Asking for Help,train,Acceptable,1.414
AUD-003338,Person Asking for Help,train,Acceptable,1.374
AUD-003339,Person Asking for Help,test,Acceptable,1.574
AUD-003340,Person Asking for Help,test,Acceptable,1.509
AUD-003341,Person Asking for Help,train,Acceptable,1.199
AUD-003342,Person Asking for Help,test,Acceptable,1.369
AUD-003343,Person Asking for Help,train,Acceptable,1.099
AUD-003344,Person Asking for Help,train,Acceptable,1.369
AUD-003345,Person Asking for Help,train,Acceptable,1.199
AUD-003346,Person Asking for Help,train,Acceptable,1.529
AUD-003347,Person Asking for Help,test,Acceptable,1.084
AUD-003348,Person Asking for Help,train,Acceptable,1.084
AUD-003349,Person Asking for Help,train,Acceptable,1.219
AUD-003350,Person Asking for Help,train,Acceptable,1.084
AUD-003351,Person Asking for Help,val,Acceptable,1.389
AUD-003352,Person Asking for Help,train,Acceptable,1.199
AUD-003353,Person Asking for Help,val,Acceptable,1.099
AUD-003354,Person Asking for Help,train,Acceptable,1.219
AUD-003355,Person Asking for Help,train,Acceptable,1.389
AUD-003356,Person Asking for Help,train,Acceptable,1.199
AUD-003357,Person Asking for Help,train,Acceptable,1.389
AUD-003358,Person Asking for Help,train,Acceptable,0.959
AUD-003359,Person Asking for Help,train,Acceptable,1.899
AUD-003360,Person Asking for Help,val,Acceptable,1.739
AUD-003361,Person Asking for Help,train,Acceptable,2.184
AUD-003362,Person Asking for Help,train,Acceptable,1.899
AUD-003363,Person Asking for Help,train,Acceptable,1.984
AUD-003364,Person Asking for Help,train,Acceptable,1.899
AUD-003365,Person Asking for Help,val,Acceptable,1.659
AUD-003366,Person Asking for Help,test,Acceptable,1.899
AUD-003367,Person Asking for Help,test,Acceptable,1.984
AUD-003368,Person Asking for Help,train,Acceptable,1.659
AUD-003369,Person Asking for Help,train,Acceptable,1.659
AUD-003370,Person Asking for Help,val,Acceptable,1.739
AUD-003371,Person Asking for Help,train,Acceptable,1.899
AUD-003372,Person Asking for Help,train,Acceptable,1.984
AUD-003373,Person Asking for Help,train,Acceptable,1.739
AUD-003374,Person Asking for Help,train,Acceptable,1.984
AUD-003375,Person Asking for Help,train,Acceptable,1.899
AUD-003376,Person Asking for Help,test,Acceptable,1.499
AUD-003377,Person Asking for Help,train,Acceptable,1.899
AUD-003378,Person Asking for Help,train,Acceptable,1.334
AUD-003379,Person Asking for Help,train,Acceptable,1.384
AUD-003380,Person Asking for Help,train,Acceptable,1.329
AUD-003381,Person Asking for Help,test,Acceptable,1.484
AUD-003382,Person Asking for Help,test,Acceptable,1.694
AUD-003383,Person Asking for Help,train,Acceptable,1.484
AUD-003384,Person Asking for Help,train,Acceptable,1.904
AUD-003385,Person Asking for Help,train,Acceptable,1.694
AUD-003386,Person Asking for Help,train,Acceptable,1.694
AUD-003387,Person Asking for Help,test,Acceptable,1.184
AUD-003388,Person Asking for Help,test,Acceptable,1.694
AUD-003389,Person Asking for Help,train,Acceptable,1.694
AUD-003390,Person Asking for Help,train,Acceptable,1.514
AUD-003391,Person Asking for Help,train,Acceptable,1.329
AUD-003392,Person Asking for Help,train,Acceptable,1.694
AUD-003393,Person Asking for Help,val,Acceptable,1.484
AUD-003394,Person Asking for Help,val,Acceptable,1.184
AUD-003395,Person Asking for Help,train,Acceptable,1.329
AUD-003396,Person Asking for Help,test,Acceptable,1.729
AUD-003397,Person Asking for Help,train,Acceptable,1.514
AUD-003398,Person Asking for Help,train,Acceptable,1.729
AUD-003399,Person Asking for Help,test,Acceptable,1.364
AUD-003400,Person Asking for Help,test,Acceptable,1.364
AUD-003401,Person Asking for Help,train,Acceptable,2.304
AUD-003402,Person Asking for Help,val,Acceptable,2.529
AUD-003403,Person Asking for Help,train,Acceptable,1.919
AUD-003404,Person Asking for Help,train,Acceptable,2.404
AUD-003405,Person Asking for Help,train,Acceptable,1.919
AUD-003406,Person Asking for Help,train,Acceptable,1.724
AUD-003407,Person Asking for Help,train,Acceptable,1.919
AUD-003408,Person Asking for Help,train,Acceptable,2.189
AUD-003409,Person Asking for Help,train,Acceptable,1.724
AUD-003410,Person Asking for Help,train,Acceptable,2.304
AUD-003411,Person Asking for Help,test,Acceptable,1.724
AUD-003412,Person Asking for Help,val,Acceptable,1.609
AUD-003413,Person Asking for Help,train,Acceptable,2.304
AUD-003414,Person Asking for Help,val,Acceptable,2.189
AUD-003415,Person Asking for Help,train,Acceptable,2.019
AUD-003416,Person Asking for Help,train,Acceptable,2.019
AUD-003417,Person Asking for Help,train,Acceptable,1.724
AUD-003418,Person Asking for Help,train,Acceptable,1.919
AUD-003419,Person Asking for Help,train,Acceptable,1.919
AUD-003420,Person Asking for Help,train,Acceptable,1.724
AUD-003421,Person Asking for Help,train,Acceptable,2.484
AUD-003422,Person Asking for Help,train,Acceptable,1.659
AUD-003423,Person Asking for Help,val,Acceptable,2.089
AUD-003424,Person Asking for Help,train,Acceptable,2.379
AUD-003425,Person Asking for Help,train,Acceptable,1.964
AUD-003426,Person Asking for Help,train,Acceptable,1.964
AUD-003427,Person Asking for Help,train,Acceptable,1.869
AUD-003428,Person Asking for Help,train,Acceptable,1.869
AUD-003429,Person Asking for Help,train,Acceptable,1.869
AUD-003430,Person Asking for Help,train,Acceptable,1.869
AUD-003431,Person Asking for Help,test,Acceptable,2.629
AUD-003432,Person Asking for Help,train,Acceptable,2.484
AUD-003433,Person Asking for Help,train,Acceptable,1.869
AUD-003434,Person Asking for Help,train,Acceptable,2.629
AUD-003435,Person Asking for Help,train,Acceptable,1.659
AUD-003436,Person Asking for Help,train,Acceptable,2.484
AUD-003437,Person Asking for Help,train,Acceptable,1.964
AUD-003438,Person Asking for Help,train,Acceptable,1.869
AUD-003439,Person Asking for Help,train,Acceptable,2.484
AUD-003440,Person Asking for Help,val,Acceptable,2.089
AUD-003441,Background Noise,train,Acceptable,5.0
AUD-003442,Background Noise,val,Poor,5.0
AUD-003443,Background Noise,train,Acceptable,5.0
AUD-003444,Background Noise,train,Good,5.0
AUD-003445,Background Noise,train,Acceptable,5.0
AUD-003446,Background Noise,train,Acceptable,5.0
AUD-003447,Background Noise,val,Good,5.0
AUD-003448,Background Noise,train,Good,5.0
AUD-003449,Background Noise,val,Good,5.0
AUD-003450,Background Noise,train,Acceptable,5.0
AUD-003451,Background Noise,test,Good,5.0
AUD-003452,Background Noise,val,Good,5.0
AUD-003453,Background Noise,train,Good,5.0
AUD-003454,Background Noise,test,Good,5.0
AUD-003455,Background Noise,train,Good,5.0
AUD-003456,Background Noise,train,Good,5.0
AUD-003457,Background Noise,test,Good,5.0
AUD-003458,Background Noise,train,Good,5.0
AUD-003459,Background Noise,train,Good,5.0
AUD-003460,Background Noise,train,Good,5.0
AUD-003461,Background Noise,test,Acceptable,5.0
AUD-003462,Background Noise,val,Acceptable,5.0
AUD-003463,Background Noise,train,Acceptable,5.0
AUD-003464,Background Noise,test,Good,5.0
AUD-003465,Background Noise,train,Good,5.0
AUD-003466,Background Noise,train,Acceptable,5.0
AUD-003467,Background Noise,train,Good,5.0
AUD-003468,Background Noise,val,Good,5.0
AUD-003469,Background Noise,test,Good,5.0
AUD-003470,Background Noise,train,Acceptable,5.0
AUD-003471,Background Noise,train,Good,5.0
AUD-003472,Background Noise,train,Good,5.0
AUD-003473,Background Noise,train,Good,5.0
AUD-003474,Background Noise,train,Good,5.0
AUD-003475,Background Noise,test,Acceptable,5.0
AUD-003476,Background Noise,train,Good,5.0
AUD-003477,Background Noise,test,Acceptable,5.0
AUD-003478,Background Noise,train,Poor,5.0
AUD-003479,Background Noise,val,Good,5.0
AUD-003480,Background Noise,test,Good,5.0
AUD-003481,Background Noise,train,Acceptable,5.0
AUD-003482,Background Noise,train,Good,5.0
AUD-003483,Background Noise,train,Acceptable,5.0
AUD-003484,Background Noise,train,Acceptable,5.0
AUD-003485,Background Noise,train,Good,5.0
AUD-003486,Background Noise,train,Good,5.0
AUD-003487,Background Noise,train,Good,5.0
AUD-003488,Background Noise,train,Good,5.0
AUD-003489,Background Noise,train,Good,5.0
AUD-003490,Background Noise,train,Acceptable,5.0
AUD-003491,Background Noise,train,Good,5.0
AUD-003492,Background Noise,train,Good,5.0
AUD-003493,Background Noise,train,Acceptable,5.0
AUD-003494,Background Noise,train,Good,5.0
AUD-003495,Background Noise,train,Acceptable,5.0
AUD-003496,Background Noise,train,Poor,5.0
AUD-003497,Background Noise,train,Acceptable,5.0
AUD-003498,Background Noise,train,Acceptable,5.0
AUD-003499,Background Noise,val,Good,5.0
AUD-003500,Background Noise,train,Good,5.0
AUD-003501,Background Noise,train,Acceptable,5.0
AUD-003502,Background Noise,train,Good,5.0
AUD-003503,Background Noise,train,Acceptable,5.0
AUD-003504,Background Noise,train,Acceptable,5.0
AUD-003505,Background Noise,train,Acceptable,5.0
AUD-003506,Background Noise,test,Good,5.0
AUD-003507,Background Noise,train,Acceptable,5.0
AUD-003508,Background Noise,train,Good,5.0
AUD-003509,Background Noise,train,Acceptable,5.0
AUD-003510,Background Noise,train,Good,5.0
AUD-003511,Background Noise,train,Good,5.0
AUD-003512,Background Noise,val,Good,5.0
AUD-003513,Background Noise,test,Good,5.0
AUD-003514,Background Noise,train,Good,5.0
AUD-003515,Background Noise,train,Good,5.0
AUD-003516,Background Noise,train,Good,5.0
AUD-003517,Background Noise,train,Good,5.0
AUD-003518,Background Noise,train,Good,5.0
AUD-003519,Background Noise,val,Good,5.0
AUD-003520,Background Noise,train,Acceptable,5.0
AUD-003521,Background Noise,train,Good,5.0
AUD-003522,Background Noise,val,Good,5.0
AUD-003523,Background Noise,train,Good,5.0
AUD-003524,Background Noise,val,Good,5.0
AUD-003525,Background Noise,train,Acceptable,5.0
AUD-003526,Background Noise,train,Good,5.0
AUD-003527,Background Noise,test,Acceptable,5.0
AUD-003528,Background Noise,train,Good,5.0
AUD-003529,Background Noise,train,Good,5.0
AUD-003530,Background Noise,val,Good,5.0
AUD-003531,Background Noise,train,Acceptable,5.0
AUD-003532,Background Noise,val,Good,5.0
AUD-003533,Background Noise,val,Good,5.0
AUD-003534,Background Noise,train,Good,5.0
AUD-003535,Background Noise,train,Good,5.0
AUD-003536,Background Noise,train,Good,5.0
AUD-003537,Background Noise,train,Good,5.0
AUD-003538,Background Noise,train,Good,5.0
AUD-003539,Background Noise,train,Good,5.0
AUD-003540,Background Noise,test,Good,5.0
AUD-003541,Background Noise,train,Good,5.0
AUD-003542,Background Noise,val,Good,5.0
AUD-003543,Background Noise,test,Good,5.0
AUD-003544,Background Noise,train,Good,5.0
AUD-003545,Background Noise,train,Good,5.0
AUD-003546,Background Noise,test,Good,5.0
AUD-003547,Background Noise,train,Acceptable,5.0
AUD-003548,Background Noise,train,Good,5.0
AUD-003549,Background Noise,train,Good,5.0
AUD-003550,Background Noise,train,Good,5.0
AUD-003551,Background Noise,test,Good,5.0
AUD-003552,Background Noise,train,Acceptable,5.0
AUD-003553,Background Noise,train,Good,5.0
AUD-003554,Background Noise,train,Good,5.0
AUD-003555,Background Noise,test,Acceptable,5.0
AUD-003556,Background Noise,val,Good,5.0
AUD-003557,Background Noise,test,Acceptable,5.0
AUD-003558,Background Noise,train,Acceptable,5.0
AUD-003559,Background Noise,train,Acceptable,5.0
AUD-003560,Background Noise,train,Good,5.0
AUD-003561,Background Noise,train,Acceptable,5.0
AUD-003562,Background Noise,test,Acceptable,5.0
AUD-003563,Background Noise,train,Acceptable,5.0
AUD-003564,Background Noise,train,Acceptable,5.0
AUD-003565,Background Noise,train,Good,5.0
AUD-003566,Background Noise,train,Acceptable,5.0
AUD-003567,Background Noise,val,Acceptable,5.0
AUD-003568,Background Noise,train,Good,5.0
AUD-003569,Background Noise,train,Acceptable,5.0
AUD-003570,Background Noise,val,Good,5.0
AUD-003571,Background Noise,train,Acceptable,5.0
AUD-003572,Background Noise,train,Acceptable,5.0
AUD-003573,Background Noise,test,Acceptable,5.0
AUD-003574,Background Noise,train,Acceptable,5.0
AUD-003575,Background Noise,train,Good,5.0
AUD-003576,Background Noise,train,Good,5.0
AUD-003577,Background Noise,train,Good,5.0
AUD-003578,Background Noise,train,Acceptable,5.0
AUD-003579,Background Noise,train,Good,5.0
AUD-003580,Background Noise,train,Good,5.0
AUD-003581,Background Noise,train,Good,5.0
AUD-003582,Background Noise,train,Good,5.0
AUD-003583,Background Noise,test,Good,5.0
AUD-003584,Background Noise,train,Good,5.0
AUD-003585,Background Noise,val,Good,5.0
AUD-003586,Background Noise,train,Good,5.0
AUD-003587,Background Noise,val,Good,5.0
AUD-003588,Background Noise,train,Good,5.0
AUD-003589,Background Noise,train,Good,5.0
AUD-003590,Background Noise,train,Acceptable,5.0
AUD-003591,Background Noise,train,Good,5.0
AUD-003592,Background Noise,test,Acceptable,5.0
AUD-003593,Background Noise,train,Acceptable,5.0
AUD-003594,Background Noise,train,Good,5.0
AUD-003595,Background Noise,train,Good,5.0
AUD-003596,Background Noise,train,Good,5.0
AUD-003597,Background Noise,val,Good,5.0
AUD-003598,Background Noise,train,Acceptable,5.0
AUD-003599,Background Noise,test,Good,5.0
AUD-003600,Background Noise,train,Good,5.0
AUD-003601,Background Noise,train,Acceptable,5.0
AUD-003602,Background Noise,train,Good,5.0
AUD-003603,Background Noise,test,Good,5.0
AUD-003604,Background Noise,train,Acceptable,5.0
AUD-003605,Background Noise,train,Acceptable,5.0
AUD-003606,Background Noise,test,Good,5.0
AUD-003607,Background Noise,train,Acceptable,5.0
AUD-003608,Background Noise,train,Good,5.0
AUD-003609,Background Noise,train,Good,5.0
AUD-003610,Background Noise,train,Good,5.0
AUD-003611,Background Noise,train,Good,5.0
AUD-003612,Background Noise,train,Good,5.0
AUD-003613,Background Noise,train,Acceptable,5.0
AUD-003614,Background Noise,train,Good,5.0
AUD-003615,Background Noise,train,Good,5.0
AUD-003616,Background Noise,train,Good,5.0
AUD-003617,Background Noise,train,Good,5.0
AUD-003618,Background Noise,train,Acceptable,5.0
AUD-003619,Background Noise,train,Good,5.0
AUD-003620,Background Noise,train,Good,5.0
AUD-003621,Background Noise,train,Good,5.0
AUD-003622,Background Noise,train,Good,5.0
AUD-003623,Background Noise,train,Good,5.0
AUD-003624,Background Noise,train,Good,5.0
AUD-003625,Background Noise,train,Good,5.0
AUD-003626,Background Noise,val,Good,5.0
AUD-003627,Background Noise,train,Good,5.0
AUD-003628,Background Noise,train,Good,5.0
AUD-003629,Background Noise,train,Good,5.0
AUD-003630,Background Noise,train,Good,5.0
AUD-003631,Background Noise,test,Poor,5.0
AUD-003632,Background Noise,test,Acceptable,5.0
AUD-003633,Background Noise,train,Good,5.0
AUD-003634,Background Noise,val,Good,5.0
AUD-003635,Background Noise,train,Good,5.0
AUD-003636,Background Noise,train,Good,5.0
AUD-003637,Background Noise,train,Good,5.0
AUD-003638,Background Noise,train,Good,5.0
AUD-003639,Background Noise,test,Good,5.0
AUD-003640,Background Noise,train,Acceptable,5.0
AUD-003641,Background Noise,train,Good,5.0
AUD-003642,Background Noise,train,Good,5.0
AUD-003643,Background Noise,train,Good,5.0
AUD-003644,Background Noise,train,Acceptable,5.0
AUD-003645,Background Noise,train,Good,5.0
AUD-003646,Background Noise,val,Good,5.0
AUD-003647,Background Noise,val,Good,5.0
AUD-003648,Background Noise,val,Good,5.0
AUD-003649,Background Noise,train,Acceptable,5.0
AUD-003650,Background Noise,test,Good,5.0
AUD-003651,Background Noise,train,Good,5.0
AUD-003652,Background Noise,train,Good,5.0
AUD-003653,Background Noise,train,Acceptable,5.0
AUD-003654,Background Noise,val,Good,5.0
AUD-003655,Background Noise,train,Good,5.0
AUD-003656,Background Noise,val,Good,5.0
AUD-003657,Background Noise,train,Acceptable,5.0
AUD-003658,Background Noise,train,Good,5.0
AUD-003659,Background Noise,train,Good,5.0
AUD-003660,Background Noise,train,Good,5.0
AUD-003661,Background Noise,train,Good,5.0
AUD-003662,Background Noise,train,Acceptable,5.0
AUD-003663,Background Noise,test,Acceptable,5.0
AUD-003664,Background Noise,val,Good,5.0
AUD-003665,Background Noise,val,Acceptable,5.0
AUD-003666,Background Noise,train,Good,5.0
AUD-003667,Background Noise,train,Good,5.0
AUD-003668,Background Noise,train,Good,5.0
AUD-003669,Background Noise,test,Acceptable,5.0
AUD-003670,Background Noise,train,Good,5.0
AUD-003671,Background Noise,test,Good,5.0
AUD-003672,Background Noise,train,Good,5.0
AUD-003673,Background Noise,train,Good,5.0
AUD-003674,Background Noise,train,Acceptable,5.0
AUD-003675,Background Noise,train,Good,5.0
AUD-003676,Background Noise,train,Good,5.0
AUD-003677,Background Noise,test,Good,5.0
AUD-003678,Background Noise,train,Good,5.0
AUD-003679,Background Noise,train,Good,5.0
AUD-003680,Background Noise,train,Good,5.0
AUD-003681,Background Noise,train,Good,5.0
AUD-003682,Background Noise,val,Good,5.0
AUD-003683,Background Noise,val,Acceptable,5.0
AUD-003684,Background Noise,train,Good,5.0
AUD-003685,Background Noise,train,Acceptable,5.0
AUD-003686,Background Noise,test,Poor,5.0
AUD-003687,Background Noise,train,Acceptable,5.0
AUD-003688,Background Noise,train,Good,5.0
AUD-003689,Background Noise,train,Acceptable,5.0
AUD-003690,Background Noise,val,Acceptable,5.0
AUD-003691,Background Noise,val,Acceptable,10.0
AUD-003692,Background Noise,train,Acceptable,10.0
AUD-003693,Background Noise,train,Acceptable,10.0
AUD-003694,Background Noise,train,Acceptable,10.0
AUD-003695,Background Noise,train,Acceptable,10.0
AUD-003696,Background Noise,train,Acceptable,10.0
AUD-003697,Background Noise,train,Acceptable,10.0
AUD-003698,Background Noise,train,Acceptable,10.0
AUD-003699,Background Noise,train,Acceptable,10.0
AUD-003700,Background Noise,train,Acceptable,10.0
AUD-003701,Background Noise,test,Acceptable,10.0
AUD-003702,Background Noise,train,Acceptable,10.0
AUD-003703,Background Noise,train,Acceptable,10.0
AUD-003704,Background Noise,test,Acceptable,10.0
AUD-003705,Background Noise,train,Acceptable,10.0
AUD-003706,Background Noise,train,Acceptable,10.0
AUD-003707,Background Noise,train,Acceptable,10.0
AUD-003708,Background Noise,val,Acceptable,10.0
AUD-003709,Background Noise,train,Acceptable,10.0
AUD-003710,Background Noise,train,Acceptable,10.0
AUD-003711,Background Noise,train,Acceptable,10.0
AUD-003712,Background Noise,train,Acceptable,10.0
AUD-003713,Background Noise,train,Acceptable,10.0
AUD-003714,Background Noise,test,Acceptable,10.0
AUD-003715,Background Noise,train,Acceptable,10.0
AUD-003716,Background Noise,train,Acceptable,10.0
AUD-003717,Background Noise,train,Acceptable,10.0
AUD-003718,Background Noise,test,Acceptable,10.0
AUD-003719,Background Noise,train,Acceptable,10.0
AUD-003720,Background Noise,train,Acceptable,10.0
AUD-003721,Background Noise,train,Acceptable,10.0
AUD-003722,Background Noise,train,Acceptable,10.0
AUD-003723,Background Noise,train,Acceptable,10.0
AUD-003724,Background Noise,train,Acceptable,10.0
AUD-003725,Background Noise,val,Acceptable,10.0
AUD-003726,Background Noise,train,Acceptable,10.0
AUD-003727,Background Noise,val,Acceptable,10.0
AUD-003728,Background Noise,val,Acceptable,10.0
AUD-003729,Background Noise,train,Acceptable,10.0
AUD-003730,Background Noise,train,Acceptable,10.0
AUD-003731,Background Noise,train,Acceptable,10.0
AUD-003732,Background Noise,train,Acceptable,10.0
AUD-003733,Background Noise,test,Acceptable,10.0
AUD-003734,Background Noise,train,Acceptable,10.0
AUD-003735,Background Noise,val,Acceptable,10.0
AUD-003736,Background Noise,train,Acceptable,10.0
AUD-003737,Background Noise,train,Acceptable,10.0
AUD-003738,Background Noise,val,Acceptable,10.0
AUD-003739,Background Noise,train,Acceptable,10.0
AUD-003740,Background Noise,train,Acceptable,10.0
AUD-003741,Background Noise,val,Acceptable,10.0
AUD-003742,Background Noise,train,Acceptable,10.0
AUD-003743,Background Noise,val,Acceptable,10.0
AUD-003744,Background Noise,train,Acceptable,10.0
AUD-003745,Background Noise,test,Acceptable,10.0
AUD-003746,Background Noise,val,Acceptable,10.0
AUD-003747,Background Noise,test,Acceptable,10.0
AUD-003748,Background Noise,train,Acceptable,10.0
AUD-003749,Background Noise,test,Acceptable,10.0
AUD-003750,Background Noise,train,Acceptable,10.0
AUD-003751,Background Noise,train,Acceptable,10.0
AUD-003752,Background Noise,test,Acceptable,10.0
AUD-003753,Background Noise,train,Acceptable,10.0
AUD-003754,Background Noise,val,Acceptable,10.0
AUD-003755,Background Noise,train,Acceptable,10.0
AUD-003756,Background Noise,train,Acceptable,10.0
AUD-003757,Background Noise,test,Acceptable,10.0
AUD-003758,Background Noise,val,Acceptable,10.0
AUD-003759,Background Noise,train,Acceptable,10.0
AUD-003760,Background Noise,train,Acceptable,10.0
AUD-003761,Background Noise,train,Acceptable,10.0
AUD-003762,Background Noise,train,Acceptable,10.0
AUD-003763,Background Noise,train,Acceptable,10.0
AUD-003764,Background Noise,train,Acceptable,10.0
AUD-003765,Background Noise,train,Acceptable,10.0
AUD-003766,Background Noise,train,Acceptable,10.0
AUD-003767,Background Noise,train,Acceptable,10.0
AUD-003768,Background Noise,test,Acceptable,10.0
AUD-003769,Background Noise,train,Acceptable,10.0
AUD-003770,Background Noise,train,Acceptable,10.0
AUD-003771,Background Noise,train,Acceptable,10.0
AUD-003772,Background Noise,test,Acceptable,10.0
AUD-003773,Background Noise,train,Acceptable,10.0
AUD-003774,Background Noise,test,Acceptable,10.0
AUD-003775,Background Noise,test,Acceptable,10.0
AUD-003776,Background Noise,test,Acceptable,10.0
AUD-003777,Background Noise,train,Acceptable,10.0
AUD-003778,Background Noise,val,Acceptable,10.0
AUD-003779,Background Noise,train,Acceptable,10.0
AUD-003780,Background Noise,train,Acceptable,10.0
AUD-003781,Background Noise,train,Acceptable,10.0
AUD-003782,Background Noise,train,Acceptable,10.0
AUD-003783,Background Noise,train,Acceptable,10.0
AUD-003784,Background Noise,train,Acceptable,10.0
AUD-003785,Background Noise,train,Acceptable,10.0
AUD-003786,Background Noise,train,Acceptable,10.0
AUD-003787,Background Noise,train,Acceptable,10.0
AUD-003788,Background Noise,train,Acceptable,10.0
AUD-003789,Background Noise,test,Acceptable,10.0
AUD-003790,Background Noise,train,Acceptable,10.0
AUD-003791,Background Noise,train,Acceptable,10.0
AUD-003792,Background Noise,val,Acceptable,10.0
AUD-003793,Background Noise,val,Acceptable,10.0
AUD-003794,Background Noise,train,Acceptable,10.0
AUD-003795,Background Noise,train,Acceptable,10.0
AUD-003796,Background Noise,val,Acceptable,10.0
AUD-003797,Background Noise,train,Acceptable,10.0
AUD-003798,Background Noise,train,Acceptable,10.0
AUD-003799,Background Noise,val,Acceptable,10.0
AUD-003800,Background Noise,test,Acceptable,10.0
AUD-003801,Background Noise,train,Acceptable,10.0
AUD-003802,Background Noise,train,Acceptable,10.0
AUD-003803,Background Noise,test,Acceptable,10.0
AUD-003804,Background Noise,test,Acceptable,10.0
AUD-003805,Background Noise,val,Acceptable,10.0
AUD-003806,Background Noise,train,Acceptable,10.0
AUD-003807,Background Noise,train,Acceptable,10.0
AUD-003808,Background Noise,train,Acceptable,10.0
AUD-003809,Background Noise,train,Acceptable,10.0
AUD-003810,Background Noise,test,Acceptable,10.0
AUD-003811,Background Noise,test,Acceptable,10.0
AUD-003812,Background Noise,train,Acceptable,10.0
AUD-003813,Background Noise,train,Acceptable,10.0
AUD-003814,Background Noise,train,Acceptable,10.0
AUD-003815,Background Noise,test,Acceptable,10.0
AUD-003816,Background Noise,train,Acceptable,10.0
AUD-003817,Background Noise,train,Acceptable,10.0
AUD-003818,Background Noise,val,Acceptable,10.0
AUD-003819,Background Noise,train,Acceptable,10.0
AUD-003820,Background Noise,train,Acceptable,10.0
AUD-003821,Background Noise,val,Acceptable,10.0
AUD-003822,Background Noise,test,Acceptable,10.0
AUD-003823,Background Noise,test,Acceptable,10.0
AUD-003824,Background Noise,train,Acceptable,10.0
AUD-003825,Background Noise,train,Acceptable,10.0
AUD-003826,Background Noise,test,Acceptable,10.0
AUD-003827,Background Noise,val,Acceptable,10.0
AUD-003828,Background Noise,train,Acceptable,10.0
AUD-003829,Background Noise,train,Acceptable,10.0
AUD-003830,Background Noise,val,Acceptable,10.0
AUD-003831,Background Noise,train,Acceptable,10.0
AUD-003832,Background Noise,train,Acceptable,10.0
AUD-003833,Background Noise,train,Acceptable,10.0
AUD-003834,Background Noise,train,Acceptable,10.0
AUD-003835,Background Noise,test,Acceptable,10.0
AUD-003836,Background Noise,train,Acceptable,10.0
AUD-003837,Background Noise,val,Acceptable,10.0
AUD-003838,Background Noise,train,Acceptable,10.0
AUD-003839,Background Noise,train,Acceptable,10.0
AUD-003840,Background Noise,train,Acceptable,10.0
AUD-003841,Background Noise,val,Acceptable,10.0
AUD-003842,Background Noise,train,Acceptable,10.0
AUD-003843,Background Noise,train,Acceptable,10.0
AUD-003844,Background Noise,test,Acceptable,10.0
AUD-003845,Background Noise,train,Acceptable,10.0
AUD-003846,Background Noise,train,Acceptable,10.0
AUD-003847,Background Noise,train,Acceptable,10.0
AUD-003848,Background Noise,train,Acceptable,10.0
AUD-003849,Background Noise,train,Acceptable,10.0
AUD-003850,Background Noise,val,Acceptable,10.0
AUD-003851,Background Noise,train,Acceptable,10.0
AUD-003852,Background Noise,train,Acceptable,10.0
AUD-003853,Background Noise,train,Acceptable,10.0
AUD-003854,Background Noise,test,Acceptable,10.0
AUD-003855,Background Noise,train,Acceptable,10.0
AUD-003856,Background Noise,val,Acceptable,10.0
AUD-003857,Background Noise,train,Acceptable,10.0
AUD-003858,Background Noise,val,Acceptable,10.0
AUD-003859,Background Noise,train,Acceptable,10.0
AUD-003860,Background Noise,test,Acceptable,10.0
AUD-003861,Background Noise,train,Acceptable,10.0
AUD-003862,Background Noise,val,Acceptable,10.0
AUD-003863,Background Noise,train,Acceptable,10.0
AUD-003864,Background Noise,test,Acceptable,10.0
AUD-003865,Background Noise,train,Acceptable,10.0
AUD-003866,Background Noise,val,Acceptable,10.0
AUD-003867,Background Noise,train,Acceptable,10.0
AUD-003868,Background Noise,val,Acceptable,10.0
AUD-003869,Background Noise,train,Acceptable,10.0
AUD-003870,Background Noise,test,Acceptable,10.0
AUD-003871,Background Noise,train,Acceptable,10.0
AUD-003872,Background Noise,train,Acceptable,10.0
AUD-003873,Background Noise,train,Acceptable,10.0
AUD-003874,Background Noise,train,Acceptable,10.0
AUD-003875,Background Noise,train,Acceptable,10.0
AUD-003876,Background Noise,train,Acceptable,10.0
AUD-003877,Background Noise,train,Acceptable,10.0
AUD-003878,Background Noise,train,Acceptable,10.0
AUD-003879,Background Noise,train,Acceptable,10.0
AUD-003880,Background Noise,train,Acceptable,10.0
AUD-003881,Background Noise,train,Acceptable,10.0
AUD-003882,Background Noise,train,Acceptable,10.0
AUD-003883,Background Noise,train,Acceptable,10.0
AUD-003884,Background Noise,train,Acceptable,10.0
AUD-003885,Background Noise,test,Acceptable,10.0
AUD-003886,Background Noise,train,Acceptable,10.0
AUD-003887,Background Noise,train,Acceptable,10.0
AUD-003888,Background Noise,val,Acceptable,10.0
AUD-003889,Background Noise,val,Acceptable,10.0
AUD-003890,Background Noise,train,Acceptable,10.0
AUD-003891,Background Noise,train,Acceptable,10.0
AUD-003892,Background Noise,train,Acceptable,10.0
AUD-003893,Background Noise,train,Acceptable,10.0
AUD-003894,Background Noise,test,Acceptable,10.0
AUD-003895,Background Noise,val,Acceptable,10.0
AUD-003896,Background Noise,train,Acceptable,10.0
AUD-003897,Background Noise,train,Acceptable,10.0
AUD-003898,Background Noise,train,Acceptable,10.0
AUD-003899,Background Noise,test,Acceptable,10.0
AUD-003900,Background Noise,val,Acceptable,10.0
AUD-003901,Background Noise,train,Acceptable,10.0
AUD-003902,Background Noise,train,Acceptable,10.0
AUD-003903,Background Noise,train,Acceptable,10.0
AUD-003904,Background Noise,train,Acceptable,10.0
AUD-003905,Background Noise,train,Acceptable,10.0
AUD-003906,Background Noise,train,Acceptable,10.0
AUD-003907,Background Noise,test,Acceptable,10.0
AUD-003908,Background Noise,train,Acceptable,10.0
AUD-003909,Background Noise,train,Acceptable,10.0
AUD-003910,Background Noise,train,Acceptable,10.0
AUD-003911,Background Noise,train,Acceptable,10.0
AUD-003912,Background Noise,train,Acceptable,10.0
AUD-003913,Background Noise,train,Acceptable,10.0
AUD-003914,Background Noise,val,Acceptable,10.0
AUD-003915,Background Noise,train,Acceptable,10.0
AUD-003916,Background Noise,train,Acceptable,10.0
AUD-003917,Background Noise,train,Acceptable,10.0
AUD-003918,Background Noise,test,Acceptable,10.0
AUD-003919,Background Noise,train,Acceptable,10.0
AUD-003920,Background Noise,train,Acceptable,10.0
AUD-003921,Background Noise,train,Acceptable,10.0
AUD-003922,Background Noise,train,Acceptable,10.0
AUD-003923,Background Noise,train,Acceptable,10.0
AUD-003924,Background Noise,val,Acceptable,10.0
AUD-003925,Background Noise,train,Acceptable,10.0
AUD-003926,Background Noise,train,Acceptable,10.0
AUD-003927,Background Noise,train,Acceptable,10.0
AUD-003928,Background Noise,train,Acceptable,10.0
AUD-003929,Background Noise,train,Acceptable,10.0
AUD-003930,Background Noise,train,Acceptable,10.0
AUD-003931,Background Noise,train,Acceptable,10.0
AUD-003932,Background Noise,test,Acceptable,10.0
AUD-003933,Background Noise,train,Acceptable,10.0
AUD-003934,Background Noise,train,Acceptable,10.0
AUD-003935,Background Noise,train,Acceptable,10.0
AUD-003936,Background Noise,train,Acceptable,10.0
AUD-003937,Background Noise,train,Acceptable,10.0
AUD-003938,Background Noise,train,Acceptable,10.0
AUD-003939,Background Noise,train,Acceptable,10.0
AUD-003940,Background Noise,train,Acceptable,10.0
AUD-003941,Background Noise,test,Good,10.0
AUD-003942,Background Noise,val,Good,10.0
AUD-003943,Background Noise,train,Good,10.0
AUD-003944,Background Noise,val,Good,9.814
AUD-003945,Background Noise,train,Good,10.0
AUD-003946,Background Noise,train,Good,10.0
AUD-003947,Background Noise,train,Good,10.0
AUD-003948,Background Noise,train,Good,10.0
AUD-003949,Background Noise,train,Good,10.0
AUD-003950,Background Noise,train,Good,9.324
AUD-003951,Background Noise,train,Acceptable,10.0
AUD-003952,Background Noise,val,Good,10.0
AUD-003953,Background Noise,train,Good,9.139
AUD-003954,Background Noise,train,Good,9.353
AUD-003955,Background Noise,val,Good,10.0
AUD-003956,Background Noise,val,Good,10.0
AUD-003957,Background Noise,train,Good,10.0
AUD-003958,Background Noise,train,Good,10.0
AUD-003959,Background Noise,train,Acceptable,2.229
AUD-003960,Background Noise,val,Good,10.0
AUD-003961,Background Noise,test,Good,10.0
AUD-003962,Background Noise,train,Good,10.0
AUD-003963,Background Noise,train,Good,10.0
AUD-003964,Background Noise,val,Good,10.0
AUD-003965,Background Noise,train,Good,10.0
AUD-003966,Background Noise,test,Acceptable,10.0
AUD-003967,Background Noise,val,Good,10.0
AUD-003968,Background Noise,train,Good,10.0
AUD-003969,Background Noise,train,Good,10.0
AUD-003970,Background Noise,test,Good,10.0
AUD-003971,Background Noise,train,Good,10.0
AUD-003972,Background Noise,val,Good,10.0
AUD-003973,Background Noise,train,Good,4.307
AUD-003974,Background Noise,train,Good,9.482
AUD-003975,Background Noise,test,Good,9.9
AUD-003976,Background Noise,train,Acceptable,10.0
AUD-003977,Background Noise,test,Good,10.0
AUD-003978,Background Noise,train,Good,10.0
AUD-003979,Background Noise,train,Good,10.0
AUD-003980,Background Noise,train,Good,10.0
AUD-003981,Background Noise,train,Good,10.0
AUD-003982,Background Noise,train,Good,10.0
AUD-003983,Background Noise,train,Good,10.0
AUD-003984,Background Noise,train,Good,10.0
AUD-003985,Background Noise,train,Poor,10.0
AUD-003986,Background Noise,train,Good,10.0
AUD-003987,Background Noise,train,Good,10.0
AUD-003988,Background Noise,train,Poor,10.0
AUD-003989,Background Noise,test,Good,10.0
AUD-003990,Background Noise,train,Good,10.0
AUD-003991,Background Noise,train,Good,10.0
AUD-003992,Background Noise,test,Good,10.0
AUD-003993,Background Noise,val,Good,10.0
AUD-003994,Background Noise,train,Good,10.0
AUD-003995,Background Noise,train,Good,10.0
AUD-003996,Background Noise,train,Good,10.0
AUD-003997,Background Noise,test,Good,10.0
AUD-003998,Background Noise,train,Good,10.0
AUD-003999,Background Noise,train,Good,10.0
AUD-004000,Background Noise,train,Acceptable,10.0
AUD-004001,Background Noise,train,Good,10.0
AUD-004002,Background Noise,val,Good,10.0
AUD-004003,Background Noise,train,Acceptable,10.0
AUD-004004,Background Noise,train,Good,10.0
AUD-004005,Background Noise,train,Good,10.0
AUD-004006,Background Noise,train,Good,10.0
AUD-004007,Background Noise,val,Good,10.0
AUD-004008,Background Noise,train,Good,10.0
AUD-004009,Background Noise,train,Good,10.0
AUD-004010,Background Noise,test,Acceptable,10.0
AUD-004011,Background Noise,test,Good,10.0
AUD-004012,Background Noise,test,Good,10.0
AUD-004013,Background Noise,train,Good,10.0
AUD-004014,Background Noise,train,Good,3.669
AUD-004015,Background Noise,train,Good,10.0
AUD-004016,Background Noise,train,Poor,10.0
AUD-004017,Background Noise,train,Good,10.0
AUD-004018,Background Noise,test,Good,10.0
AUD-004019,Background Noise,train,Acceptable,10.0
AUD-004020,Background Noise,train,Good,10.0
AUD-004021,Background Noise,train,Good,10.0
AUD-004022,Background Noise,train,Good,10.0
AUD-004023,Background Noise,train,Good,10.0
AUD-004024,Background Noise,val,Good,10.0
AUD-004025,Background Noise,train,Good,10.0
AUD-004026,Background Noise,test,Acceptable,10.0
AUD-004027,Background Noise,train,Good,10.0
AUD-004028,Background Noise,test,Good,10.0
AUD-004029,Background Noise,test,Good,10.0
AUD-004030,Background Noise,train,Good,10.0
AUD-004031,Background Noise,val,Good,10.0
AUD-004032,Background Noise,val,Acceptable,10.0
AUD-004033,Background Noise,val,Good,10.0
AUD-004034,Background Noise,test,Good,10.0
AUD-004035,Background Noise,train,Good,10.0
AUD-004036,Background Noise,train,Good,10.0
AUD-004037,Background Noise,train,Good,10.0
AUD-004038,Background Noise,train,Good,10.0
AUD-004039,Background Noise,val,Good,10.0
AUD-004040,Background Noise,train,Good,10.0
AUD-004041,Background Noise,train,Good,10.0
AUD-004042,Background Noise,train,Good,10.0
AUD-004043,Background Noise,train,Acceptable,10.0
AUD-004044,Background Noise,train,Acceptable,10.0
AUD-004045,Background Noise,train,Acceptable,10.0
AUD-004046,Background Noise,train,Good,10.0
AUD-004047,Background Noise,test,Good,10.0
AUD-004048,Background Noise,val,Good,10.0
AUD-004049,Background Noise,train,Good,10.0
AUD-004050,Background Noise,train,Good,10.0
AUD-004051,Background Noise,train,Good,10.0
AUD-004052,Background Noise,train,Good,10.0
AUD-004053,Background Noise,train,Poor,10.0
AUD-004054,Background Noise,train,Good,10.0
AUD-004055,Background Noise,train,Good,10.0
AUD-004056,Background Noise,train,Good,10.0
AUD-004057,Background Noise,test,Good,10.0
AUD-004058,Background Noise,train,Acceptable,5.503
AUD-004059,Background Noise,train,Good,10.0
AUD-004060,Background Noise,train,Good,10.0
AUD-004061,Background Noise,train,Good,10.0
AUD-004062,Background Noise,train,Good,10.0
AUD-004063,Background Noise,test,Good,10.0
AUD-004064,Background Noise,train,Good,10.0
AUD-004065,Background Noise,train,Good,10.0
AUD-004066,Background Noise,train,Good,10.0
AUD-004067,Background Noise,train,Poor,10.0
AUD-004068,Background Noise,train,Good,10.0
AUD-004069,Background Noise,train,Good,10.0
AUD-004070,Background Noise,train,Good,10.0
AUD-004071,Background Noise,test,Good,10.0
AUD-004072,Background Noise,train,Good,10.0
AUD-004073,Background Noise,train,Acceptable,10.0
AUD-004074,Background Noise,train,Good,10.0
AUD-004075,Background Noise,test,Acceptable,3.17
AUD-004076,Background Noise,train,Good,10.0
AUD-004077,Background Noise,val,Good,9.936
AUD-004078,Background Noise,train,Good,10.0
AUD-004079,Background Noise,train,Good,10.0
AUD-004080,Background Noise,train,Acceptable,10.0
AUD-004081,Background Noise,train,Good,10.0
AUD-004082,Background Noise,train,Good,10.0
AUD-004083,Background Noise,val,Good,10.0
AUD-004084,Background Noise,train,Good,10.0
AUD-004085,Background Noise,train,Good,10.0
AUD-004086,Background Noise,train,Good,10.0
AUD-004087,Background Noise,train,Good,10.0
AUD-004088,Background Noise,train,Acceptable,10.0
AUD-004089,Background Noise,train,Good,10.0
AUD-004090,Background Noise,train,Good,10.0
AUD-004091,Background Noise,train,Good,10.0
AUD-004092,Background Noise,train,Acceptable,10.0
AUD-004093,Background Noise,train,Good,10.0
AUD-004094,Background Noise,train,Acceptable,10.0
AUD-004095,Background Noise,train,Good,10.0
AUD-004096,Background Noise,train,Acceptable,9.481
AUD-004097,Background Noise,train,Good,10.0
AUD-004098,Background Noise,train,Good,10.0
AUD-004099,Background Noise,train,Good,10.0
AUD-004100,Background Noise,train,Poor,10.0
AUD-004101,Background Noise,train,Good,10.0
AUD-004102,Background Noise,val,Good,10.0
AUD-004103,Background Noise,train,Good,10.0
AUD-004104,Background Noise,train,Good,10.0
AUD-004105,Background Noise,train,Good,10.0
AUD-004106,Background Noise,test,Good,10.0
AUD-004107,Background Noise,train,Acceptable,10.0
AUD-004108,Background Noise,train,Good,10.0
AUD-004109,Background Noise,train,Good,10.0
AUD-004110,Background Noise,train,Good,10.0
AUD-004111,Background Noise,train,Good,10.0
AUD-004112,Background Noise,test,Good,10.0
AUD-004113,Background Noise,val,Good,10.0
AUD-004114,Background Noise,train,Good,10.0
AUD-004115,Background Noise,val,Good,10.0
AUD-004116,Background Noise,test,Good,10.0
AUD-004117,Background Noise,train,Good,10.0
AUD-004118,Background Noise,train,Good,10.0
AUD-004119,Background Noise,train,Good,10.0
AUD-004120,Background Noise,train,Good,10.0
AUD-004121,Background Noise,train,Good,10.0
AUD-004122,Background Noise,train,Good,10.0
AUD-004123,Background Noise,train,Good,10.0
AUD-004124,Background Noise,train,Good,10.0
AUD-004125,Background Noise,val,Good,10.0
AUD-004126,Background Noise,val,Good,10.0
AUD-004127,Background Noise,test,Acceptable,10.0
AUD-004128,Background Noise,train,Good,10.0
AUD-004129,Background Noise,test,Good,10.0
AUD-004130,Background Noise,val,Good,10.0
AUD-004131,Background Noise,train,Good,10.0
AUD-004132,Background Noise,train,Good,10.0
AUD-004133,Background Noise,test,Good,10.0
AUD-004134,Background Noise,train,Good,10.0
AUD-004135,Background Noise,test,Good,10.0
AUD-004136,Background Noise,train,Good,10.0
AUD-004137,Background Noise,train,Acceptable,10.0
AUD-004138,Background Noise,val,Good,10.0
AUD-004139,Background Noise,train,Good,10.0
AUD-004140,Background Noise,test,Good,10.0
AUD-004141,Background Noise,train,Good,10.0
AUD-004142,Background Noise,train,Good,10.0
AUD-004143,Background Noise,train,Good,10.0
AUD-004144,Background Noise,val,Good,10.0
AUD-004145,Background Noise,val,Good,10.0
AUD-004146,Background Noise,train,Good,9.884
AUD-004147,Background Noise,train,Good,10.0
AUD-004148,Background Noise,train,Acceptable,10.0
AUD-004149,Background Noise,train,Good,10.0
AUD-004150,Background Noise,train,Acceptable,10.0
AUD-004151,Background Noise,train,Good,10.0
AUD-004152,Background Noise,train,Good,10.0
AUD-004153,Background Noise,train,Good,10.0
AUD-004154,Background Noise,val,Good,10.0
AUD-004155,Background Noise,train,Good,10.0
AUD-004156,Background Noise,val,Good,10.0
AUD-004157,Background Noise,train,Good,10.0
AUD-004158,Background Noise,train,Good,10.0
AUD-004159,Background Noise,train,Good,10.0
AUD-004160,Background Noise,train,Good,9.338
AUD-004161,Background Noise,test,Good,4.272
AUD-004162,Background Noise,train,Acceptable,10.0
AUD-004163,Background Noise,test,Acceptable,10.0
AUD-004164,Background Noise,train,Good,10.0
AUD-004165,Background Noise,val,Good,10.0
AUD-004166,Background Noise,test,Good,9.473
AUD-004167,Background Noise,train,Good,10.0
AUD-004168,Background Noise,train,Good,10.0
AUD-004169,Background Noise,val,Good,9.746
AUD-004170,Background Noise,train,Good,10.0
AUD-004171,Background Noise,val,Good,10.0
AUD-004172,Background Noise,test,Good,10.0
AUD-004173,Background Noise,test,Good,10.0
AUD-004174,Background Noise,test,Good,10.0
AUD-004175,Background Noise,train,Good,10.0
AUD-004176,Background Noise,train,Good,10.0
AUD-004177,Background Noise,test,Good,10.0
AUD-004178,Background Noise,test,Acceptable,9.183
AUD-004179,Background Noise,train,Good,10.0
AUD-004180,Background Noise,val,Good,10.0
AUD-004181,Background Noise,train,Good,10.0
AUD-004182,Background Noise,train,Good,10.0
AUD-004183,Background Noise,test,Good,10.0
AUD-004184,Background Noise,train,Good,10.0
AUD-004185,Background Noise,test,Acceptable,10.0
AUD-004186,Background Noise,train,Good,10.0
AUD-004187,Background Noise,train,Acceptable,10.0
AUD-004188,Background Noise,val,Good,10.0
AUD-004189,Background Noise,train,Good,10.0
AUD-004190,Background Noise,test,Good,10.0
AUD-004191,Background Noise,train,Poor,5.0
AUD-004192,Background Noise,test,Poor,5.0
AUD-004193,Background Noise,train,Poor,5.0
AUD-004194,Background Noise,train,Poor,5.0
AUD-004195,Background Noise,val,Poor,5.0
AUD-004196,Background Noise,train,Poor,5.0
AUD-004197,Background Noise,train,Poor,5.0
AUD-004198,Background Noise,train,Poor,5.0
AUD-004199,Background Noise,train,Poor,5.0
AUD-004200,Background Noise,train,Poor,5.0
AUD-004201,Background Noise,val,Poor,5.0
AUD-004202,Background Noise,train,Poor,5.0
AUD-004203,Background Noise,test,Poor,5.0
AUD-004204,Background Noise,train,Poor,5.0
AUD-004205,Background Noise,train,Poor,5.0
AUD-004206,Background Noise,train,Poor,5.0
AUD-004207,Background Noise,train,Poor,5.0
AUD-004208,Background Noise,train,Poor,5.0
AUD-004209,Background Noise,train,Poor,5.0
AUD-004210,Background Noise,train,Poor,5.0
AUD-004211,Background Noise,train,Poor,5.0
AUD-004212,Background Noise,train,Poor,5.0
AUD-004213,Background Noise,train,Poor,5.0
AUD-004214,Background Noise,val,Poor,5.0
AUD-004215,Background Noise,train,Poor,5.0
AUD-004216,Background Noise,train,Poor,5.0
AUD-004217,Background Noise,train,Poor,5.0
AUD-004218,Background Noise,train,Poor,5.0
AUD-004219,Background Noise,val,Poor,5.0
AUD-004220,Background Noise,train,Poor,5.0
AUD-004221,Background Noise,test,Poor,5.0
AUD-004222,Background Noise,train,Poor,5.0
AUD-004223,Background Noise,train,Poor,5.0
AUD-004224,Background Noise,train,Poor,5.0
AUD-004225,Background Noise,train,Poor,5.0
AUD-004226,Background Noise,train,Poor,5.0
AUD-004227,Background Noise,train,Poor,5.0
AUD-004228,Background Noise,train,Poor,5.0
AUD-004229,Background Noise,train,Poor,5.0
AUD-004230,Background Noise,train,Poor,5.0
AUD-004231,Background Noise,train,Good,4.0
AUD-004232,Background Noise,test,Good,4.0
AUD-004233,Background Noise,val,Good,4.0
AUD-004234,Background Noise,test,Good,4.0
AUD-004235,Background Noise,train,Good,4.0
AUD-004236,Background Noise,test,Good,4.0
AUD-004237,Background Noise,test,Good,4.0
AUD-004238,Background Noise,train,Good,4.0
AUD-004239,Background Noise,train,Good,4.0
AUD-004240,Background Noise,train,Good,4.0
AUD-004241,Background Noise,test,Good,4.0
AUD-004242,Background Noise,train,Good,4.0
AUD-004243,Background Noise,train,Good,4.0
AUD-004244,Background Noise,train,Good,4.0
AUD-004245,Background Noise,val,Good,4.0
AUD-004246,Background Noise,train,Good,4.0
AUD-004247,Background Noise,train,Good,4.0
AUD-004248,Background Noise,train,Good,4.0
AUD-004249,Background Noise,test,Acceptable,4.0
AUD-004250,Background Noise,train,Good,4.0
AUD-004251,Background Noise,train,Good,4.0
AUD-004252,Background Noise,val,Good,4.0
AUD-004253,Background Noise,train,Good,4.0
AUD-004254,Background Noise,train,Good,4.0
AUD-004255,Background Noise,train,Good,4.0
AUD-004256,Background Noise,val,Good,4.0
AUD-004257,Background Noise,val,Good,4.0
AUD-004258,Background Noise,train,Good,4.0
AUD-004259,Background Noise,train,Good,4.0
AUD-004260,Background Noise,train,Good,4.0
AUD-004261,Background Noise,train,Good,4.0
AUD-004262,Background Noise,train,Acceptable,4.0
AUD-004263,Background Noise,train,Good,4.0
AUD-004264,Background Noise,train,Good,4.0
AUD-004265,Background Noise,train,Good,4.0
AUD-004266,Background Noise,test,Good,4.0
AUD-004267,Background Noise,train,Good,4.0
AUD-004268,Background Noise,val,Good,4.0
AUD-004269,Background Noise,train,Good,4.0
AUD-004270,Background Noise,train,Good,4.0
AUD-004271,Background Noise,train,Good,4.0
AUD-004272,Background Noise,train,Good,4.0
AUD-004273,Background Noise,train,Good,4.0
AUD-004274,Background Noise,train,Good,4.0
AUD-004275,Background Noise,train,Good,4.0
AUD-004276,Background Noise,train,Good,4.0
AUD-004277,Background Noise,test,Good,4.0
AUD-004278,Background Noise,val,Good,4.0
AUD-004279,Background Noise,train,Good,4.0
AUD-004280,Background Noise,test,Good,4.0
AUD-004281,Background Noise,train,Good,4.0
AUD-004282,Background Noise,train,Good,4.0
AUD-004283,Background Noise,train,Good,4.0
AUD-004284,Background Noise,train,Good,4.0
AUD-004285,Background Noise,train,Good,4.0
AUD-004286,Background Noise,train,Good,3.895
AUD-004287,Background Noise,train,Acceptable,0.65
AUD-004288,Background Noise,train,Good,4.0
AUD-004289,Background Noise,val,Good,4.0
AUD-004290,Background Noise,train,Good,4.0
AUD-004291,Background Noise,train,Good,4.0
AUD-004292,Background Noise,train,Good,4.0
AUD-004293,Background Noise,train,Good,4.0
AUD-004294,Background Noise,train,Good,4.0
AUD-004295,Background Noise,train,Good,4.0
AUD-004296,Background Noise,val,Good,4.0
AUD-004297,Background Noise,train,Good,4.0
AUD-004298,Background Noise,train,Good,4.0
AUD-004299,Background Noise,train,Good,4.0
AUD-004300,Background Noise,val,Good,4.0
AUD-004301,Background Noise,train,Good,4.0
AUD-004302,Background Noise,test,Good,4.0
AUD-004303,Background Noise,train,Good,4.0
AUD-004304,Background Noise,train,Good,4.0
AUD-004305,Background Noise,test,Good,2.817
AUD-004306,Background Noise,test,Good,4.0
AUD-004307,Background Noise,test,Good,4.0
AUD-004308,Background Noise,train,Good,4.0
AUD-004309,Background Noise,test,Good,4.0
AUD-004310,Background Noise,train,Good,4.0
AUD-004311,Background Noise,val,Good,4.0
AUD-004312,Background Noise,test,Good,4.0
AUD-004313,Background Noise,val,Good,4.0
AUD-004314,Background Noise,val,Good,4.0
AUD-004315,Background Noise,train,Good,4.0
AUD-004316,Background Noise,train,Good,4.0
AUD-004317,Background Noise,train,Good,4.0
AUD-004318,Background Noise,train,Good,4.0
AUD-004319,Background Noise,val,Good,4.0
AUD-004320,Background Noise,train,Good,4.0
AUD-004321,Background Noise,train,Good,4.0
AUD-004322,Background Noise,train,Good,4.0
AUD-004323,Background Noise,train,Good,4.0
AUD-004324,Background Noise,test,Good,4.0
AUD-004325,Background Noise,train,Good,4.0
AUD-004326,Background Noise,val,Good,4.0
AUD-004327,Background Noise,test,Good,4.0
AUD-004328,Background Noise,train,Good,2.27
AUD-004329,Background Noise,val,Good,4.0
AUD-004330,Background Noise,train,Good,4.0
AUD-004331,Background Noise,train,Good,4.0
AUD-004332,Background Noise,train,Good,1.256
AUD-004333,Background Noise,train,Good,1.256
AUD-004334,Background Noise,train,Acceptable,4.0
AUD-004335,Background Noise,test,Good,4.0
AUD-004336,Background Noise,train,Good,2.36
AUD-004337,Background Noise,train,Good,4.0
AUD-004338,Background Noise,train,Good,4.0
AUD-004339,Background Noise,val,Good,4.0
AUD-004340,Background Noise,test,Good,4.0
AUD-004341,Background Noise,train,Good,4.0
AUD-004342,Background Noise,test,Good,4.0
AUD-004343,Background Noise,val,Good,4.0
AUD-004344,Background Noise,test,Good,4.0
AUD-004345,Background Noise,train,Good,4.0
AUD-004346,Background Noise,train,Good,4.0
AUD-004347,Background Noise,test,Acceptable,4.0
AUD-004348,Background Noise,train,Good,4.0
AUD-004349,Background Noise,val,Good,4.0
AUD-004350,Background Noise,train,Good,4.0
AUD-004351,Background Noise,train,Good,4.0
AUD-004352,Background Noise,train,Good,4.0
AUD-004353,Background Noise,train,Acceptable,4.0
AUD-004354,Background Noise,test,Good,4.0
AUD-004355,Background Noise,train,Good,4.0
AUD-004356,Background Noise,val,Good,1.946
AUD-004357,Background Noise,train,Good,2.21
AUD-004358,Background Noise,test,Good,4.0
AUD-004359,Background Noise,train,Good,4.0
AUD-004360,Background Noise,train,Good,4.0
AUD-004361,Background Noise,test,Good,4.0
AUD-004362,Background Noise,train,Good,4.0
AUD-004363,Background Noise,test,Good,4.0
AUD-004364,Background Noise,train,Good,4.0
AUD-004365,Background Noise,train,Good,4.0
AUD-004366,Background Noise,val,Good,4.0
AUD-004367,Background Noise,train,Good,4.0
AUD-004368,Background Noise,test,Good,4.0
AUD-004369,Background Noise,test,Good,4.0
AUD-004370,Background Noise,train,Good,4.0
AUD-004371,Background Noise,train,Good,4.0
AUD-004372,Background Noise,train,Good,4.0
AUD-004373,Background Noise,train,Good,4.0
AUD-004374,Background Noise,val,Good,4.0
AUD-004375,Background Noise,train,Good,4.0
AUD-004376,Background Noise,test,Good,4.0
AUD-004377,Background Noise,train,Good,4.0
AUD-004378,Background Noise,train,Good,4.0
AUD-004379,Background Noise,train,Good,4.0
AUD-004380,Background Noise,train,Acceptable,4.0
AUD-004381,Background Noise,train,Good,4.0
AUD-004382,Background Noise,train,Good,4.0
AUD-004383,Background Noise,train,Good,4.0
AUD-004384,Background Noise,train,Good,4.0
AUD-004385,Background Noise,train,Good,4.0
AUD-004386,Background Noise,train,Good,4.0
AUD-004387,Background Noise,val,Good,4.0
AUD-004388,Background Noise,test,Good,4.0
AUD-004389,Background Noise,train,Acceptable,4.0
AUD-004390,Background Noise,train,Acceptable,4.0
AUD-004391,Background Noise,train,Acceptable,4.0
AUD-004392,Background Noise,train,Acceptable,4.0
AUD-004393,Background Noise,train,Good,4.0
AUD-004394,Background Noise,val,Good,2.94
AUD-004395,Background Noise,train,Good,4.0
AUD-004396,Background Noise,val,Good,4.0
AUD-004397,Background Noise,train,Good,4.0
AUD-004398,Background Noise,train,Good,4.0
AUD-004399,Background Noise,train,Good,4.0
AUD-004400,Background Noise,val,Good,4.0
AUD-004401,Background Noise,train,Good,4.0
AUD-004402,Background Noise,train,Good,4.0
AUD-004403,Background Noise,test,Good,4.0
AUD-004404,Background Noise,train,Good,4.0
AUD-004405,Background Noise,train,Good,4.0
AUD-004406,Background Noise,train,Good,4.0
AUD-004407,Background Noise,val,Acceptable,4.0
AUD-004408,Background Noise,train,Good,4.0
AUD-004409,Background Noise,train,Good,4.0
AUD-004410,Background Noise,train,Good,1.346
AUD-004411,Background Noise,test,Good,2.3
AUD-004412,Background Noise,train,Good,4.0
AUD-004413,Background Noise,test,Acceptable,4.0
AUD-004414,Background Noise,val,Good,4.0
AUD-004415,Background Noise,val,Good,4.0
AUD-004416,Background Noise,train,Good,4.0
AUD-004417,Background Noise,train,Good,4.0
AUD-004418,Background Noise,train,Good,0.698
AUD-004419,Background Noise,train,Good,4.0
AUD-004420,Background Noise,train,Poor,4.0
AUD-004421,Background Noise,train,Poor,4.0
AUD-004422,Background Noise,val,Poor,4.0
AUD-004423,Background Noise,train,Good,4.0
AUD-004424,Background Noise,train,Good,4.0
AUD-004425,Background Noise,val,Good,4.0
AUD-004426,Background Noise,train,Good,4.0
AUD-004427,Background Noise,val,Good,4.0
AUD-004428,Background Noise,train,Good,4.0
AUD-004429,Background Noise,test,Good,3.59
AUD-004430,Background Noise,train,Good,4.0
AUD-004431,Background Noise,train,Good,4.0
AUD-004432,Background Noise,train,Good,4.0
AUD-004433,Background Noise,train,Good,4.0
AUD-004434,Background Noise,val,Good,4.0
AUD-004435,Background Noise,train,Good,4.0
AUD-004436,Background Noise,train,Good,4.0
AUD-004437,Background Noise,train,Good,4.0
AUD-004438,Background Noise,train,Good,4.0
AUD-004439,Background Noise,train,Good,4.0
AUD-004440,Background Noise,train,Good,4.0
AUD-004441,Background Noise,test,Good,4.0
AUD-004442,Background Noise,train,Good,4.0
AUD-004443,Background Noise,train,Good,4.0
AUD-004444,Background Noise,train,Good,4.0
AUD-004445,Background Noise,train,Good,4.0
AUD-004446,Background Noise,train,Good,4.0
AUD-004447,Background Noise,train,Good,4.0
AUD-004448,Background Noise,test,Good,4.0
AUD-004449,Background Noise,test,Good,4.0
AUD-004450,Background Noise,train,Good,4.0
AUD-004451,Background Noise,train,Good,4.0
AUD-004452,Background Noise,train,Good,4.0
AUD-004453,Background Noise,train,Good,4.0
AUD-004454,Background Noise,val,Good,4.0
AUD-004455,Background Noise,train,Acceptable,4.0
AUD-004456,Background Noise,train,Good,4.0
AUD-004457,Background Noise,val,Good,4.0
AUD-004458,Background Noise,val,Good,4.0
AUD-004459,Background Noise,train,Good,4.0
AUD-004460,Background Noise,test,Good,4.0
AUD-004461,Background Noise,train,Good,4.0
AUD-004462,Background Noise,train,Good,4.0
AUD-004463,Background Noise,train,Good,4.0
AUD-004464,Background Noise,val,Good,4.0
AUD-004465,Background Noise,train,Good,4.0
AUD-004466,Background Noise,train,Good,4.0
AUD-004467,Background Noise,train,Acceptable,4.0
AUD-004468,Background Noise,train,Good,4.0
AUD-004469,Background Noise,train,Good,4.0
AUD-004470,Background Noise,train,Acceptable,4.0
AUD-004471,Background Noise,val,Good,4.0
AUD-004472,Background Noise,train,Good,4.0
AUD-004473,Background Noise,train,Good,4.0
AUD-004474,Background Noise,val,Good,4.0
AUD-004475,Background Noise,train,Good,4.0
AUD-004476,Background Noise,train,Good,4.0
AUD-004477,Background Noise,val,Good,4.0
AUD-004478,Background Noise,train,Good,4.0
AUD-004479,Background Noise,train,Good,4.0
AUD-004480,Background Noise,train,Good,5.0
AUD-004481,Background Noise,test,Good,5.0
AUD-004482,Background Noise,train,Good,5.0
AUD-004483,Background Noise,val,Good,5.0
AUD-004484,Background Noise,train,Good,5.0
AUD-004485,Background Noise,train,Good,5.0
AUD-004486,Background Noise,test,Good,5.0
AUD-004487,Background Noise,train,Good,5.0
AUD-004488,Background Noise,val,Good,5.0
AUD-004489,Background Noise,train,Good,5.0
AUD-004490,Background Noise,train,Good,5.0
AUD-004491,Background Noise,val,Good,5.0
AUD-004492,Background Noise,train,Good,5.0
AUD-004493,Background Noise,train,Good,5.0
AUD-004494,Background Noise,train,Good,5.0
AUD-004495,Background Noise,val,Good,5.0
AUD-004496,Background Noise,train,Good,5.0
AUD-004497,Background Noise,test,Good,5.0
AUD-004498,Background Noise,train,Good,5.0
AUD-004499,Background Noise,train,Good,5.0
AUD-004500,Background Noise,train,Good,5.0
AUD-004501,Background Noise,train,Good,5.0
AUD-004502,Background Noise,train,Good,5.0
AUD-004503,Background Noise,train,Good,5.0
AUD-004504,Background Noise,test,Good,5.0
AUD-004505,Background Noise,train,Good,5.0
AUD-004506,Background Noise,train,Good,5.0
AUD-004507,Background Noise,val,Good,5.0
AUD-004508,Background Noise,train,Good,5.0
AUD-004509,Background Noise,train,Good,5.0
AUD-004510,Background Noise,val,Good,5.0
AUD-004511,Background Noise,train,Good,5.0
AUD-004512,Background Noise,train,Good,5.0
AUD-004513,Background Noise,train,Good,5.0
AUD-004514,Background Noise,train,Good,5.0
AUD-004515,Background Noise,train,Good,5.0
AUD-004516,Background Noise,train,Good,5.0
AUD-004517,Background Noise,val,Good,5.0
AUD-004518,Background Noise,train,Acceptable,5.0
AUD-004519,Background Noise,val,Good,5.0
AUD-004520,Background Noise,test,Good,5.0
AUD-004521,Background Noise,train,Good,5.0
AUD-004522,Background Noise,train,Good,5.0
AUD-004523,Background Noise,train,Good,5.0
AUD-004524,Background Noise,test,Good,5.0
AUD-004525,Background Noise,val,Acceptable,5.0
AUD-004526,Background Noise,train,Good,5.0
AUD-004527,Background Noise,train,Good,5.0
AUD-004528,Background Noise,train,Good,5.0
AUD-004529,Background Noise,val,Acceptable,5.0
AUD-004530,Background Noise,train,Good,5.0
AUD-004531,Background Noise,train,Good,5.0
AUD-004532,Background Noise,test,Good,5.0
AUD-004533,Background Noise,train,Good,5.0
AUD-004534,Background Noise,val,Good,5.0
AUD-004535,Background Noise,test,Good,5.0
AUD-004536,Background Noise,train,Good,5.0
AUD-004537,Background Noise,train,Good,5.0
AUD-004538,Background Noise,train,Good,5.0
AUD-004539,Background Noise,train,Acceptable,5.0
AUD-004540,Background Noise,train,Acceptable,5.0
AUD-004541,Background Noise,train,Acceptable,5.0
AUD-004542,Background Noise,train,Acceptable,5.0
AUD-004543,Background Noise,val,Good,5.0
AUD-004544,Background Noise,test,Acceptable,5.0
AUD-004545,Background Noise,test,Acceptable,5.0
AUD-004546,Background Noise,train,Good,5.0
AUD-004547,Background Noise,test,Good,5.0
AUD-004548,Background Noise,train,Acceptable,5.0
AUD-004549,Background Noise,train,Good,5.0
AUD-004550,Background Noise,train,Good,5.0
AUD-004551,Background Noise,train,Acceptable,5.0
AUD-004552,Background Noise,train,Acceptable,5.0
AUD-004553,Background Noise,train,Acceptable,5.0
AUD-004554,Background Noise,val,Good,5.0
AUD-004555,Background Noise,train,Good,5.0
AUD-004556,Background Noise,train,Good,5.0
AUD-004557,Background Noise,test,Good,5.0
AUD-004558,Background Noise,test,Good,5.0
AUD-004559,Background Noise,test,Good,5.0
AUD-004560,Background Noise,train,Good,5.0
AUD-004561,Background Noise,train,Good,5.0
AUD-004562,Background Noise,train,Good,5.0
AUD-004563,Background Noise,train,Good,5.0
AUD-004564,Background Noise,test,Good,5.0
AUD-004565,Background Noise,train,Good,5.0
AUD-004566,Background Noise,test,Good,5.0
AUD-004567,Background Noise,train,Good,5.0
AUD-004568,Background Noise,val,Good,5.0
AUD-004569,Background Noise,train,Good,5.0
AUD-004570,Background Noise,val,Good,5.0
AUD-004571,Background Noise,train,Good,5.0
AUD-004572,Background Noise,train,Good,5.0
AUD-004573,Background Noise,train,Good,5.0
AUD-004574,Background Noise,train,Good,5.0
AUD-004575,Background Noise,train,Good,5.0
AUD-004576,Background Noise,train,Good,5.0
AUD-004577,Background Noise,test,Good,5.0
AUD-004578,Background Noise,test,Good,5.0
AUD-004579,Background Noise,val,Good,5.0
AUD-004580,Background Noise,val,Good,5.0
AUD-004581,Background Noise,train,Good,5.0
AUD-004582,Background Noise,train,Good,5.0
AUD-004583,Background Noise,train,Good,5.0
AUD-004584,Background Noise,test,Good,5.0
AUD-004585,Background Noise,test,Good,5.0
AUD-004586,Background Noise,test,Good,5.0
AUD-004587,Background Noise,val,Good,5.0
AUD-004588,Background Noise,train,Good,5.0
AUD-004589,Background Noise,train,Good,5.0
AUD-004590,Background Noise,train,Good,5.0
AUD-004591,Background Noise,train,Good,5.0
AUD-004592,Background Noise,train,Good,5.0
AUD-004593,Background Noise,train,Good,5.0
AUD-004594,Background Noise,train,Good,5.0
AUD-004595,Background Noise,train,Good,5.0
AUD-004596,Background Noise,train,Good,5.0
AUD-004597,Background Noise,train,Good,5.0
AUD-004598,Background Noise,val,Good,5.0
AUD-004599,Background Noise,test,Good,5.0
AUD-004600,Background Noise,train,Good,5.0
AUD-004601,Background Noise,train,Good,5.0
AUD-004602,Background Noise,val,Good,5.0
AUD-004603,Background Noise,test,Good,5.0
AUD-004604,Background Noise,val,Good,5.0
AUD-004605,Background Noise,train,Good,5.0
AUD-004606,Background Noise,train,Good,5.0
AUD-004607,Background Noise,train,Good,5.0
AUD-004608,Background Noise,val,Good,5.0
AUD-004609,Background Noise,val,Good,5.0
AUD-004610,Background Noise,train,Good,5.0
AUD-004611,Background Noise,val,Good,5.0
AUD-004612,Background Noise,train,Good,5.0
AUD-004613,Background Noise,train,Good,5.0
AUD-004614,Background Noise,train,Good,5.0
AUD-004615,Background Noise,train,Good,5.0
AUD-004616,Background Noise,train,Good,5.0
AUD-004617,Background Noise,val,Good,5.0
AUD-004618,Background Noise,val,Good,5.0
AUD-004619,Background Noise,train,Good,5.0
AUD-004620,Background Noise,test,Good,5.0
AUD-004621,Background Noise,train,Good,5.0
AUD-004622,Background Noise,train,Good,5.0
AUD-004623,Background Noise,test,Good,5.0
AUD-004624,Background Noise,train,Good,5.0
AUD-004625,Background Noise,test,Good,5.0
AUD-004626,Background Noise,val,Good,5.0
AUD-004627,Background Noise,train,Good,5.0
AUD-004628,Background Noise,val,Good,5.0
AUD-004629,Background Noise,train,Good,5.0
